mgap_id,primate_center,gender,geographic_origin,species,sequence_type,sra_accession,total_reads
m03545,CNPRC,m,India,Macaca mulatta,Whole Genome: Deep Coverage,SRR5628057,482062369
m02180,CNPRC,f,China,Macaca mulatta,Whole Genome: Deep Coverage,SRR1944106,515600337
m02181,CNPRC,f,India,Macaca mulatta,Whole Genome: Deep Coverage,SRR1944120,473862493
m02182,CNPRC,m,India,Macaca mulatta,Whole Genome: Deep Coverage,SRR1944123,507566989
m02183,CNPRC,f,India,Macaca mulatta,Whole Genome: Deep Coverage,SRR1944126,523327767
m02184,CNPRC,m,India,Macaca mulatta,Whole Genome: Deep Coverage,SRR1944229,491673676
m02185,CNPRC,f,India,Macaca mulatta,Whole Genome: Deep Coverage,SRR1944129,905488660
m02186,CNPRC,f,India,Macaca mulatta,Whole Genome: Deep Coverage,SRR1964592,542933623
m02187,CNPRC,m,India,Macaca mulatta,Whole Genome: Deep Coverage,SRR1964595,615779364
m02188,CNPRC,f,India,Macaca mulatta,Whole Genome: Deep Coverage,SRR1964598,684287168
m02188,CNPRC,f,India,Macaca mulatta,Whole Exome,SRR1975670,52427442
m02189,CNPRC,m,India,Macaca mulatta,Whole Genome: Deep Coverage,SRR1944138,556916967
m02190,CNPRC,f,India,Macaca mulatta,Whole Genome: Deep Coverage,SRR1944134,558694349
m02191,CNPRC,f,China,Macaca mulatta,Whole Genome: Deep Coverage,SRR1952123,622848992
m02191,CNPRC,f,China,Macaca mulatta,Whole Exome,SRR1975623,73812989
m02179,CNPRC,f,China,Macaca mulatta,Whole Genome: Deep Coverage,SRR1964578,549635922
m02192,CNPRC,f,India,Macaca mulatta,Whole Genome: Deep Coverage,SRR1951123,506115113
m03537,CNPRC,f,India,Macaca mulatta,Whole Exome,SRR1975691,104219207
m03538,CNPRC,f,India,Macaca mulatta,Whole Exome,SRR1975660,93013228
m03539,CNPRC,f,India,Macaca mulatta,Whole Exome,SRR1975671,81632588
m03540,CNPRC,m,India,Macaca mulatta,Whole Exome,SRR1975672,73591553
m03541,CNPRC,f,India,Macaca mulatta,Whole Genome: Deep Coverage,SRR5628054,453990643
m03542,CNPRC,m,India,Macaca mulatta,Whole Genome: Deep Coverage,SRR5628059,448065604
m03543,CNPRC,f,India,Macaca mulatta,Whole Genome: Deep Coverage,SRR5628055,470714900
m03544,CNPRC,m,India,Macaca mulatta,Whole Genome: Deep Coverage,SRR5628056,486302944
m03553,CNPRC,f,India,Macaca mulatta,Whole Genome: Deep Coverage,SRR5628081,456794878
m03546,CNPRC,f,India,Macaca mulatta,Whole Genome: Deep Coverage,SRR5628058,473742092
m03547,CNPRC,f,India,Macaca mulatta,Whole Genome: Deep Coverage,SRR5628079,466423802
m03548,CNPRC,m,India,Macaca mulatta,Whole Genome: Deep Coverage,SRR5628060,459562305
m03549,CNPRC,m,India,Macaca mulatta,Whole Genome: Deep Coverage,SRR5628063,475066055
m03550,CNPRC,m,India,Macaca mulatta,Whole Genome: Deep Coverage,SRR5628078,459372729
m03536,CNPRC,f,India,Macaca mulatta,Whole Exome,SRR1975639,91051578
m02178,CNPRC,f,China,Macaca mulatta,Whole Genome: Deep Coverage,SRR1964575,542056402
m02177,CNPRC,f,China,Macaca mulatta,Whole Genome: Deep Coverage,SRR1964571,567283128
m02176,CNPRC,f,China,Macaca mulatta,Whole Genome: Deep Coverage,SRR1944102,715437872
m03584,CNPRC,m,India,Macaca mulatta,Whole Genome: Deep Coverage,SRR5628110,450074284
m03583,CNPRC,f,India,Macaca mulatta,Whole Genome: Deep Coverage,SRR5628115,459691605
m03582,CNPRC,f,India,Macaca mulatta,Whole Genome: Deep Coverage,SRR5628116,483524804
m03581,CNPRC,f,India,Macaca mulatta,Whole Genome: Deep Coverage,SRR5628109,461921928
m03580,CNPRC,f,India,Macaca mulatta,Whole Genome: Deep Coverage,SRR5628104,443022173
m03579,CNPRC,f,India,Macaca mulatta,Whole Genome: Deep Coverage,SRR5628106,453746848
m03578,CNPRC,m,India,Macaca mulatta,Whole Genome: Deep Coverage,SRR5628107,455894522
m03577,CNPRC,m,India,Macaca mulatta,Whole Genome: Deep Coverage,SRR5628103,485665771
m03576,CNPRC,f,India,Macaca mulatta,Whole Genome: Deep Coverage,SRR5628101,434849753
m03575,CNPRC,m,India,Macaca mulatta,Whole Genome: Deep Coverage,SRR5628111,440892251
m03574,CNPRC,m,India,Macaca mulatta,Whole Genome: Deep Coverage,SRR5628102,466549626
m03573,CNPRC,f,India,Macaca mulatta,Whole Genome: Deep Coverage,SRR5628098,466553552
m03572,CNPRC,f,India,Macaca mulatta,Whole Genome: Deep Coverage,SRR5628097,438777960
m03571,CNPRC,m,India,Macaca mulatta,Whole Genome: Deep Coverage,SRR5628108,414204294
m03570,CNPRC,m,India,Macaca mulatta,Whole Genome: Deep Coverage,SRR5628105,459555335
m03569,CNPRC,f,India,Macaca mulatta,Whole Genome: Deep Coverage,SRR5628099,468513134
m03568,CNPRC,f,India,Macaca mulatta,Whole Genome: Deep Coverage,SRR5628100,424388526
m03554,CNPRC,m,India,Macaca mulatta,Whole Genome: Deep Coverage,SRR5628086,484158026
m03555,CNPRC,m,India,Macaca mulatta,Whole Genome: Deep Coverage,SRR5628083,480112097
m03556,CNPRC,m,India,Macaca mulatta,Whole Genome: Deep Coverage,SRR5628084,439653652
m03557,CNPRC,m,India,Macaca mulatta,Whole Genome: Deep Coverage,SRR5628089,454186680
m03558,CNPRC,f,India,Macaca mulatta,Whole Genome: Deep Coverage,SRR5628093,472042909
m03559,CNPRC,f,India,Macaca mulatta,Whole Genome: Deep Coverage,SRR5628088,446518344
m03551,CNPRC,f,India,Macaca mulatta,Whole Genome: Deep Coverage,SRR5628080,473907727
m03560,CNPRC,f,India,Macaca mulatta,Whole Genome: Deep Coverage,SRR5628092,450654427
m03562,CNPRC,f,India,Macaca mulatta,Whole Genome: Deep Coverage,SRR5628087,460176758
m03563,CNPRC,m,India,Macaca mulatta,Whole Genome: Deep Coverage,SRR5628090,437818545
m03564,CNPRC,f,India,Macaca mulatta,Whole Genome: Deep Coverage,SRR5628091,432052852
m03565,CNPRC,f,India,Macaca mulatta,Whole Genome: Deep Coverage,SRR5628095,474868928
m03566,CNPRC,f,India,Macaca mulatta,Whole Genome: Deep Coverage,SRR5628094,471927694
m03567,CNPRC,m,India,Macaca mulatta,Whole Genome: Deep Coverage,SRR5628096,469435996
m03561,CNPRC,f,India,Macaca mulatta,Whole Genome: Deep Coverage,SRR5628085,480299180
m03552,CNPRC,f,India,Macaca mulatta,Whole Genome: Deep Coverage,SRR5628082,476080469
m02166,CPRC,m,India,Macaca mulatta,Whole Genome: Deep Coverage,SRR1951033,578579188
m03606,CPRC,m,India,Macaca mulatta,Whole Genome: Deep Coverage,SRR5628143,454570316
m02167,CPRC,m,India,Macaca mulatta,Whole Genome: Deep Coverage,SRR1951030,624827688
m02168,CPRC,m,India,Macaca mulatta,Whole Genome: Deep Coverage,SRR1951036,596488456
m02169,CPRC,m,India,Macaca mulatta,Whole Genome: Deep Coverage,SRR1951059,521849775
m02170,CPRC,f,India,Macaca mulatta,Whole Genome: Deep Coverage,SRR1951056,612100968
m02171,CPRC,m,India,Macaca mulatta,Whole Genome: Deep Coverage,SRR1951051,642498006
m02173,CPRC,f,India,Macaca mulatta,Whole Genome: Deep Coverage,SRR1951041,592315049
m02174,CPRC,m,India,Macaca mulatta,Whole Genome: Deep Coverage,SRR1951074,636609339
m02175,CPRC,f,India,Macaca mulatta,Whole Genome: Deep Coverage,SRR1640559,615387143
m03585,CPRC,m,India,Macaca mulatta,Whole Genome: Deep Coverage,SRR5628114,469458227
m03586,CPRC,m,India,Macaca mulatta,Whole Genome: Deep Coverage,SRR5628112,465516876
m03587,CPRC,m,India,Macaca mulatta,Whole Genome: Deep Coverage,SRR5628113,444057586
m03588,CPRC,m,India,Macaca mulatta,Whole Genome: Deep Coverage,SRR5628117,443923002
m03589,CPRC,m,India,Macaca mulatta,Whole Genome: Deep Coverage,SRR5628119,434330607
m03590,CPRC,m,India,Macaca mulatta,Whole Genome: Deep Coverage,SRR5628125,432076132
m02172,CPRC,f,India,Macaca mulatta,Whole Genome: Deep Coverage,SRR1951048,604730576
m03592,CPRC,m,India,Macaca mulatta,Whole Genome: Deep Coverage,SRR5628118,454412901
m03591,CPRC,m,India,Macaca mulatta,Whole Genome: Deep Coverage,SRR5628123,440575963
m03605,CPRC,m,India,Macaca mulatta,Whole Genome: Deep Coverage,SRR5628133,456517180
m03604,CPRC,m,India,Macaca mulatta,Whole Genome: Deep Coverage,SRR5628129,467963978
m03603,CPRC,m,India,Macaca mulatta,Whole Genome: Deep Coverage,SRR5628128,447061909
m03601,CPRC,m,India,Macaca mulatta,Whole Genome: Deep Coverage,SRR5628132,454503521
m03600,CPRC,m,India,Macaca mulatta,Whole Genome: Deep Coverage,SRR5628124,425751033
m03602,CPRC,m,India,Macaca mulatta,Whole Genome: Deep Coverage,SRR5628126,437375294
m03598,CPRC,m,India,Macaca mulatta,Whole Genome: Deep Coverage,SRR5628130,432091055
m03597,CPRC,m,India,Macaca mulatta,Whole Genome: Deep Coverage,SRR5628127,442032269
m03596,CPRC,m,India,Macaca mulatta,Whole Genome: Deep Coverage,SRR5628121,424528361
m03595,CPRC,m,India,Macaca mulatta,Whole Genome: Deep Coverage,SRR5628122,408637273
m03594,CPRC,m,India,Macaca mulatta,Whole Genome: Deep Coverage,SRR5628131,426960350
m03593,CPRC,m,India,Macaca mulatta,Whole Genome: Deep Coverage,SRR5628120,446635216
m03599,CPRC,m,India,Macaca mulatta,Whole Genome: Deep Coverage,SRR5628135,413705229
m00835,NEPRC,f,India,Macaca mulatta,Whole Genome: Deep Coverage,SRR1929367,547315536
m00838,NEPRC,m,India,Macaca mulatta,Whole Exome,SRR1975650,57170299
m00835,NEPRC,f,India,Macaca mulatta,Whole Exome,SRR1975646,54260882
m00836,NEPRC,f,India,Macaca mulatta,Whole Genome: Deep Coverage,SRR1964582,478018266
m00836,NEPRC,f,India,Macaca mulatta,Whole Exome,SRR1975647,55128473
m00837,NEPRC,m,India,Macaca mulatta,Whole Genome: Deep Coverage,SRR1929313,486000353
m00837,NEPRC,m,India,Macaca mulatta,Whole Exome,SRR1975649,69378242
m00838,NEPRC,m,India,Macaca mulatta,Whole Genome: Deep Coverage,SRR1929382,530486532
m00839,NEPRC,m,India,Macaca mulatta,Whole Genome: Deep Coverage,SRR1944141,507326266
m03627,NEPRC,,,,Whole Exome,SRR1975644,80869026
m00841,NEPRC,m,India,Macaca mulatta,Whole Genome: Deep Coverage,SRR1944145,576163167
m00842,NEPRC,m,India,Macaca mulatta,Whole Genome: Deep Coverage,SRR1964604,520407265
m00844,NEPRC,m,India,Macaca mulatta,Whole Genome: Deep Coverage,SRR1944152,570370938
m00845,NEPRC,m,India,Macaca mulatta,Whole Genome: Deep Coverage,SRR1944156,530435066
m03625,NEPRC,,,,Whole Exome,SRR1975695,63503705
m03626,NEPRC,,,,Whole Exome,SRR1975642,59066969
m03628,NEPRC,,,,Whole Exome,SRR1975648,71436167
m03629,NEPRC,,,,Whole Exome,SRR1975651,66039534
m00834,NEPRC,f,India,Macaca mulatta,Whole Exome,SRR1975643,52193522
m00840,NEPRC,m,India,Macaca mulatta,Whole Genome: Deep Coverage,SRR1964601,557996023
m00834,NEPRC,f,India,Macaca mulatta,Whole Genome: Deep Coverage,SRR1929310,516774903
m00843,NEPRC,m,India,Macaca mulatta,Whole Genome: Deep Coverage,SRR1944149,547924953
m02222,ONPRC,f,India,RHESUS MACAQUE,GBS,SRR8754142,6128947
m00412,ONPRC,m,India,RHESUS MACAQUE,Whole Genome: Deep Coverage,SRR7865671,294684267
m00412,ONPRC,m,India,RHESUS MACAQUE,GBS,SRR5794983,6405526
m00414,ONPRC,f,India,RHESUS MACAQUE,GBS,SRR5794985,6925906
m00414,ONPRC,f,India,RHESUS MACAQUE,Whole Genome: Deep Coverage,SRR7865719,299368830
m00416,ONPRC,f,India,RHESUS MACAQUE,GBS,SRR5794847,6260154
m00416,ONPRC,f,India,RHESUS MACAQUE,Whole Genome: Deep Coverage,SRR7865693,310907085
m00417,ONPRC,m,India,RHESUS MACAQUE,GBS,SRR5795083,5707345
m00417,ONPRC,m,India,RHESUS MACAQUE,Whole Genome: Deep Coverage,SRR7865672,279519713
m00424,ONPRC,f,India,RHESUS MACAQUE,GBS,SRR5794903,4959395
m00424,ONPRC,f,India,RHESUS MACAQUE,Whole Genome: Deep Coverage,SRR7865716,397936360
m00428,ONPRC,f,India,RHESUS MACAQUE,GBS,SRR5794922,4504
m00428,ONPRC,f,India,RHESUS MACAQUE,Whole Genome: Deep Coverage,SRR7865673,280199539
m00428,ONPRC,f,India,RHESUS MACAQUE,GBS,SRR7808825,5521648
m00431,ONPRC,m,India,RHESUS MACAQUE,GBS,SRR7808774,8569495
m00431,ONPRC,m,India,RHESUS MACAQUE,Whole Genome: Deep Coverage,SRR6206176,374599177
m00432,ONPRC,f,India,RHESUS MACAQUE,Whole Genome: Deep Coverage,SRR6206177,321449718
m00432,ONPRC,f,India,RHESUS MACAQUE,GBS,SRR7808777,6925111
m00433,ONPRC,f,India,RHESUS MACAQUE,GBS,SRR7808776,5726850
m00433,ONPRC,f,India,RHESUS MACAQUE,Whole Genome: Deep Coverage,SRR6206178,338025595
m00434,ONPRC,f,India,RHESUS MACAQUE,Whole Genome: Deep Coverage,SRR6206179,296275231
m00434,ONPRC,f,India,RHESUS MACAQUE,GBS,SRR7808786,9249852
m00411,ONPRC,f,India,RHESUS MACAQUE,Whole Genome: Deep Coverage,SRR7865670,291551314
m00411,ONPRC,f,India,RHESUS MACAQUE,GBS,SRR5794882,6504415
m00404,ONPRC,f,India,RHESUS MACAQUE,Whole Genome: Deep Coverage,SRR7865677,344033468
m00404,ONPRC,f,India,RHESUS MACAQUE,GBS,SRR5795077,8318094
m00365,ONPRC,m,India,RHESUS MACAQUE,GBS,SRR5794935,5350044
m00365,ONPRC,m,India,RHESUS MACAQUE,Whole Exome,SRR1975665,60224277
m00366,ONPRC,m,India,RHESUS MACAQUE,Whole Genome: Deep Coverage,SRR7865722,277609602
m00366,ONPRC,m,India,RHESUS MACAQUE,GBS,SRR5794936,5012398
m00368,ONPRC,f,India,RHESUS MACAQUE,GBS,SRR5794888,6342743
m00368,ONPRC,f,India,RHESUS MACAQUE,Whole Genome: Deep Coverage,SRR7865721,287303964
m00369,ONPRC,f,India,RHESUS MACAQUE,Whole Genome: Deep Coverage,SRR7865674,281654282
m00369,ONPRC,f,India,RHESUS MACAQUE,GBS,SRR5794891,4771050
m00372,ONPRC,m,India,RHESUS MACAQUE,GBS,SRR5794894,3782986
m00372,ONPRC,m,India,RHESUS MACAQUE,GBS,SRR7808828,6910845
m00435,ONPRC,m,India,RHESUS MACAQUE,Whole Genome: Deep Coverage,SRR6206180,330668943
m00372,ONPRC,m,India,RHESUS MACAQUE,Whole Genome: Deep Coverage,SRR7865735,376372418
m00378,ONPRC,m,India,RHESUS MACAQUE,Whole Exome,SRR1975663,58941595
m00378,ONPRC,m,India,RHESUS MACAQUE,Whole Genome: Deep Coverage,SRR7865734,367048124
m00381,ONPRC,f,India,RHESUS MACAQUE,GBS,SRR5795035,6489953
m00381,ONPRC,f,India,RHESUS MACAQUE,Whole Genome: Deep Coverage,SRR7865675,301305976
m00385,ONPRC,m,India,RHESUS MACAQUE,GBS,SRR5794881,7208285
m00385,ONPRC,m,India,RHESUS MACAQUE,Whole Exome,SRR1975668,67459247
m00389,ONPRC,m,India,RHESUS MACAQUE,GBS,SRR5794963,8585656
m00389,ONPRC,m,India,RHESUS MACAQUE,Whole Genome: Deep Coverage,SRR7865676,293973917
m00398,ONPRC,f,,RHESUS MACAQUE,GBS,SRR5795075,6895388
m00398,ONPRC,f,,RHESUS MACAQUE,Whole Genome: Deep Coverage,SRR7865720,320394505
m00378,ONPRC,m,India,RHESUS MACAQUE,GBS,SRR5795080,4042019
m00360,ONPRC,m,India,RHESUS MACAQUE,GBS,SRR5794930,8185863
m00436,ONPRC,f,India,RHESUS MACAQUE,Whole Genome: Deep Coverage,SRR6206181,308512042
m00437,ONPRC,f,INDIA,RHESUS MACAQUE,Whole Genome: Deep Coverage,SRR6206182,363924362
m00451,ONPRC,m,India,RHESUS MACAQUE,GBS,SRR7808799,6926678
m00451,ONPRC,m,India,RHESUS MACAQUE,Whole Genome: Deep Coverage,SRR6206161,325359595
m00452,ONPRC,f,India,RHESUS MACAQUE,Whole Genome: Deep Coverage,SRR6206162,409296663
m00452,ONPRC,f,India,RHESUS MACAQUE,GBS,SRR7808798,8152638
m00453,ONPRC,f,India,RHESUS MACAQUE,Whole Genome: Deep Coverage,SRR6206163,319548477
m00454,ONPRC,m,India,RHESUS MACAQUE,Whole Genome: Deep Coverage,SRR6206164,372024256
m00454,ONPRC,m,India,RHESUS MACAQUE,GBS,SRR7808797,7619695
m00455,ONPRC,f,India,RHESUS MACAQUE,GBS,SRR7808796,8863551
m00455,ONPRC,f,India,RHESUS MACAQUE,Whole Genome: Deep Coverage,SRR6206167,289351940
m00456,ONPRC,f,India,RHESUS MACAQUE,Whole Genome: Deep Coverage,SRR6206165,360816627
m00456,ONPRC,f,India,RHESUS MACAQUE,GBS,SRR7808795,6361094
m00457,ONPRC,f,India,RHESUS MACAQUE,GBS,SRR7808794,4337290
m00457,ONPRC,f,India,RHESUS MACAQUE,Whole Genome: Deep Coverage,SRR6206168,311011980
m00458,ONPRC,m,India,RHESUS MACAQUE,Whole Genome: Deep Coverage,SRR6206166,362348620
m00458,ONPRC,m,India,RHESUS MACAQUE,GBS,SRR7808816,6944434
m00459,ONPRC,m,India,RHESUS MACAQUE,GBS,SRR7808817,7486135
m00459,ONPRC,m,India,RHESUS MACAQUE,Whole Genome: Deep Coverage,SRR6206159,335739492
m00460,ONPRC,f,India,RHESUS MACAQUE,Whole Genome: Deep Coverage,SRR6206160,290576846
m00460,ONPRC,f,India,RHESUS MACAQUE,GBS,SRR7808818,4469791
m00461,ONPRC,f,India,RHESUS MACAQUE,GBS,SRR7808819,6347884
m00461,ONPRC,f,India,RHESUS MACAQUE,Whole Genome: Deep Coverage,SRR6206153,338528685
m00450,ONPRC,f,India,RHESUS MACAQUE,GBS,SRR7808800,9391103
m00450,ONPRC,f,India,RHESUS MACAQUE,Whole Genome: Deep Coverage,SRR6206186,283039133
m00449,ONPRC,m,India,RHESUS MACAQUE,Whole Genome: Deep Coverage,SRR6206187,276181392
m00449,ONPRC,m,India,RHESUS MACAQUE,GBS,SRR7808801,7276105
m00438,ONPRC,f,India,RHESUS MACAQUE,Whole Genome: Deep Coverage,SRR6206183,314170920
m00438,ONPRC,f,India,RHESUS MACAQUE,GBS,SRR7808787,6955439
m00439,ONPRC,f,India,RHESUS MACAQUE,GBS,SRR7808784,8927434
m00439,ONPRC,f,India,RHESUS MACAQUE,Whole Genome: Deep Coverage,SRR6206174,348438891
m00440,ONPRC,m,India,RHESUS MACAQUE,Whole Genome: Deep Coverage,SRR6206175,341321452
m00440,ONPRC,m,India,RHESUS MACAQUE,GBS,SRR7808785,8229522
m00441,ONPRC,f,India,RHESUS MACAQUE,GBS,SRR7808790,6154093
m00441,ONPRC,f,India,RHESUS MACAQUE,Whole Genome: Deep Coverage,SRR6206192,308287246
m00442,ONPRC,f,India,RHESUS MACAQUE,Whole Genome: Deep Coverage,SRR6206194,321081351
m00442,ONPRC,f,India,RHESUS MACAQUE,GBS,SRR7808791,6509809
m00436,ONPRC,f,India,RHESUS MACAQUE,GBS,SRR7808769,5126335
m00443,ONPRC,f,India,RHESUS MACAQUE,GBS,SRR7808788,4261445
m00444,ONPRC,f,INDIA,RHESUS MACAQUE,Whole Genome: Deep Coverage,SRR6206195,361394571
m00444,ONPRC,f,INDIA,RHESUS MACAQUE,GBS,SRR7808789,6373698
m00445,ONPRC,f,India,RHESUS MACAQUE,GBS,SRR7808792,8111047
m00445,ONPRC,f,India,RHESUS MACAQUE,Whole Genome: Deep Coverage,SRR6206189,350403979
m00446,ONPRC,f,India,RHESUS MACAQUE,Whole Genome: Deep Coverage,SRR6206188,309568812
m00446,ONPRC,f,India,RHESUS MACAQUE,GBS,SRR7808793,7036648
m00447,ONPRC,f,INDIA,RHESUS MACAQUE,GBS,SRR7808803,7143576
m00447,ONPRC,f,INDIA,RHESUS MACAQUE,Whole Genome: Deep Coverage,SRR6206190,299603532
m00448,ONPRC,f,India,RHESUS MACAQUE,Whole Genome: Deep Coverage,SRR6206191,306131278
m00448,ONPRC,f,India,RHESUS MACAQUE,GBS,SRR7808802,6213185
m00443,ONPRC,f,India,RHESUS MACAQUE,Whole Genome: Deep Coverage,SRR6206193,340004999
m00360,ONPRC,m,India,RHESUS MACAQUE,Whole Genome: Deep Coverage,SRR7865732,414988831
m00359,ONPRC,f,India,RHESUS MACAQUE,Whole Genome: Deep Coverage,SRR7865733,359406910
m00359,ONPRC,f,India,RHESUS MACAQUE,GBS,SRR5794929,9021551
m00302,ONPRC,f,India,RHESUS MACAQUE,GBS,SRR5794909,9564139
m00302,ONPRC,f,India,RHESUS MACAQUE,Whole Genome: Deep Coverage,SRR7865769,324787037
m00308,ONPRC,f,India,RHESUS MACAQUE,GBS,SRR5794955,5524291
m00308,ONPRC,f,India,RHESUS MACAQUE,Whole Genome: Deep Coverage,SRR7865768,304385813
m00309,ONPRC,f,India,RHESUS MACAQUE,Whole Genome: Deep Coverage,SRR7865767,301878861
m00309,ONPRC,f,India,RHESUS MACAQUE,GBS,SRR5794957,7908499
m00310,ONPRC,f,India,RHESUS MACAQUE,GBS,SRR5794949,7567895
m00310,ONPRC,f,India,RHESUS MACAQUE,Whole Genome: Deep Coverage,SRR7865766,313132879
m00311,ONPRC,f,India,RHESUS MACAQUE,Whole Genome: Deep Coverage,SRR7865761,376728771
m00311,ONPRC,f,India,RHESUS MACAQUE,GBS,SRR5794948,7919453
m00312,ONPRC,m,India,RHESUS MACAQUE,GBS,SRR5794836,362818
m00312,ONPRC,m,India,RHESUS MACAQUE,Whole Genome: Deep Coverage,SRR7865760,333513811
m00313,ONPRC,f,India,RHESUS MACAQUE,Whole Genome: Deep Coverage,SRR7865687,287165032
m00313,ONPRC,f,India,RHESUS MACAQUE,GBS,SRR5794837,1614657
m00314,ONPRC,m,India,RHESUS MACAQUE,GBS,SRR5794838,996696
m00314,ONPRC,m,India,RHESUS MACAQUE,Whole Genome: Deep Coverage,SRR7865763,345131193
m00314,ONPRC,m,India,RHESUS MACAQUE,GBS,SRR7808860,3829089
m00315,ONPRC,f,India,RHESUS MACAQUE,GBS,SRR7808782,14122096
m00315,ONPRC,f,India,RHESUS MACAQUE,Whole Genome: Deep Coverage,SRR7865762,310749475
m00315,ONPRC,f,India,RHESUS MACAQUE,GBS,SRR5794839,620453
m00316,ONPRC,f,India,RHESUS MACAQUE,GBS,SRR5794840,30612
m00300,ONPRC,f,India,RHESUS MACAQUE,Whole Genome: Deep Coverage,SRR7865770,334667405
m00300,ONPRC,f,India,RHESUS MACAQUE,GBS,SRR5794919,11022290
m00297,ONPRC,f,India,RHESUS MACAQUE,GBS,SRR5794920,11115634
m00297,ONPRC,f,India,RHESUS MACAQUE,Whole Genome: Deep Coverage,SRR7865684,285705432
m00162,ONPRC,m,India,RHESUS MACAQUE,GBS,SRR5794828,6354984
m00162,ONPRC,m,India,RHESUS MACAQUE,Whole Exome,SRR1975666,66968536
m00213,ONPRC,m,India,RHESUS MACAQUE,GBS,SRR5794940,6506197
m00213,ONPRC,m,India,RHESUS MACAQUE,Whole Genome: Deep Coverage,SRR7865731,410986757
m00236,ONPRC,f,India,RHESUS MACAQUE,GBS,SRR5794862,8333279
m00236,ONPRC,f,India,RHESUS MACAQUE,Whole Genome: Deep Coverage,SRR7865685,290568210
m00246,ONPRC,f,India,RHESUS MACAQUE,GBS,SRR5795008,9176107
m00246,ONPRC,f,India,RHESUS MACAQUE,Whole Genome: Deep Coverage,SRR7865747,300332876
m00262,ONPRC,f,India,RHESUS MACAQUE,GBS,SRR5795078,136825
m00262,ONPRC,f,India,RHESUS MACAQUE,Whole Genome: Deep Coverage,SRR7865775,304757235
m00316,ONPRC,f,India,RHESUS MACAQUE,Whole Genome: Deep Coverage,SRR7865757,320601033
m00262,ONPRC,f,India,RHESUS MACAQUE,GBS,SRR7808862,3887413
m00277,ONPRC,f,India,RHESUS MACAQUE,Whole Genome: Deep Coverage,SRR7865774,362715633
m00292,ONPRC,m,India,RHESUS MACAQUE,GBS,SRR5795026,9253131
m00292,ONPRC,m,India,RHESUS MACAQUE,Whole Genome: Deep Coverage,SRR7865773,314042420
m00293,ONPRC,m,India,RHESUS MACAQUE,Whole Genome: Deep Coverage,SRR7865772,355199186
m00293,ONPRC,m,India,RHESUS MACAQUE,GBS,SRR5795025,7939460
m00295,ONPRC,m,India,RHESUS MACAQUE,GBS,SRR5794914,97244
m00295,ONPRC,m,India,RHESUS MACAQUE,GBS,SRR7808843,4614301
m00295,ONPRC,m,India,RHESUS MACAQUE,Whole Genome: Deep Coverage,SRR7865730,377509707
m00296,ONPRC,f,India,RHESUS MACAQUE,GBS,SRR5794915,9850818
m00296,ONPRC,f,India,RHESUS MACAQUE,Whole Genome: Deep Coverage,SRR7865771,321512835
m00277,ONPRC,f,India,RHESUS MACAQUE,GBS,SRR5794999,7551715
m00316,ONPRC,f,India,RHESUS MACAQUE,GBS,SRR7808865,4241439
m00317,ONPRC,f,India,RHESUS MACAQUE,Whole Genome: Deep Coverage,SRR7865756,297508969
m00317,ONPRC,f,India,RHESUS MACAQUE,GBS,SRR5794841,28306
m00331,ONPRC,f,India,RHESUS MACAQUE,Whole Genome: Deep Coverage,SRR7865736,308380308
m00331,ONPRC,f,India,RHESUS MACAQUE,GBS,SRR5795045,7440708
m00332,ONPRC,m,India,RHESUS MACAQUE,GBS,SRR5795046,8958191
m00332,ONPRC,m,India,RHESUS MACAQUE,Whole Genome: Deep Coverage,SRR7865737,319521214
m00333,ONPRC,m,India,RHESUS MACAQUE,GBS,SRR5795043,10921365
m00333,ONPRC,m,India,RHESUS MACAQUE,Whole Genome: Deep Coverage,SRR7865746,289100680
m00334,ONPRC,f,India,RHESUS MACAQUE,GBS,SRR5795044,4119973
m00334,ONPRC,f,India,RHESUS MACAQUE,Whole Genome: Deep Coverage,SRR7865727,313287985
m00335,ONPRC,m,India,RHESUS MACAQUE,Whole Genome: Deep Coverage,SRR7865726,342889876
m00335,ONPRC,m,India,RHESUS MACAQUE,GBS,SRR5795041,478989
m00330,ONPRC,f,India,RHESUS MACAQUE,Whole Genome: Deep Coverage,SRR7865745,324095887
m00336,ONPRC,m,India,RHESUS MACAQUE,GBS,SRR5795042,8836410
m00337,ONPRC,f,India,RHESUS MACAQUE,GBS,SRR5795094,11100228
m00337,ONPRC,f,India,RHESUS MACAQUE,Whole Genome: Deep Coverage,SRR7865725,299263742
m00338,ONPRC,f,India,RHESUS MACAQUE,Whole Genome: Deep Coverage,SRR7865724,313449189
m00338,ONPRC,f,India,RHESUS MACAQUE,GBS,SRR5795009,7734490
m00345,ONPRC,m,India,RHESUS MACAQUE,GBS,SRR5795084,7963813
m00345,ONPRC,m,India,RHESUS MACAQUE,Whole Genome: Deep Coverage,SRR7865723,289435966
m00356,ONPRC,f,India,RHESUS MACAQUE,GBS,SRR5794811,8952309
m00356,ONPRC,f,India,RHESUS MACAQUE,Whole Genome: Deep Coverage,SRR7865679,373009117
m00357,ONPRC,f,India,RHESUS MACAQUE,Whole Genome: Deep Coverage,SRR7865678,311734344
m00357,ONPRC,f,India,RHESUS MACAQUE,GBS,SRR5794931,6298481
m00336,ONPRC,m,India,RHESUS MACAQUE,Whole Genome: Deep Coverage,SRR7865692,303117526
m00462,ONPRC,f,India,RHESUS MACAQUE,Whole Genome: Deep Coverage,SRR6206154,339976903
m00330,ONPRC,f,India,RHESUS MACAQUE,GBS,SRR5795098,14038445
m00329,ONPRC,f,India,RHESUS MACAQUE,Whole Genome: Deep Coverage,SRR7865686,313810511
m00318,ONPRC,f,India,RHESUS MACAQUE,GBS,SRR5794844,9233877
m00318,ONPRC,f,India,RHESUS MACAQUE,Whole Genome: Deep Coverage,SRR7865759,313452850
m00319,ONPRC,m,India,RHESUS MACAQUE,Whole Genome: Deep Coverage,SRR7865758,326414838
m00319,ONPRC,m,India,RHESUS MACAQUE,GBS,SRR5794845,10439318
m00320,ONPRC,f,India,RHESUS MACAQUE,GBS,SRR5794877,10424456
m00320,ONPRC,f,India,RHESUS MACAQUE,Whole Genome: Deep Coverage,SRR7865765,342803716
m00321,ONPRC,f,India,RHESUS MACAQUE,Whole Genome: Deep Coverage,SRR7865764,332204180
m00321,ONPRC,f,India,RHESUS MACAQUE,GBS,SRR5794876,6372099
m00322,ONPRC,m,India,RHESUS MACAQUE,GBS,SRR5794873,7516774
m00322,ONPRC,m,India,RHESUS MACAQUE,Whole Genome: Deep Coverage,SRR7865738,326161354
m00329,ONPRC,f,India,RHESUS MACAQUE,GBS,SRR5795093,13849467
m00323,ONPRC,f,India,RHESUS MACAQUE,Whole Genome: Deep Coverage,SRR7865739,348128471
m00324,ONPRC,f,India,RHESUS MACAQUE,GBS,SRR5794871,6284294
m00324,ONPRC,f,India,RHESUS MACAQUE,Whole Genome: Deep Coverage,SRR7865740,331503730
m00325,ONPRC,f,India,RHESUS MACAQUE,Whole Genome: Deep Coverage,SRR7865741,328973080
m00325,ONPRC,f,India,RHESUS MACAQUE,GBS,SRR5794870,10380437
m00326,ONPRC,f,India,RHESUS MACAQUE,GBS,SRR5794868,10674306
m00326,ONPRC,f,India,RHESUS MACAQUE,Whole Genome: Deep Coverage,SRR7865742,335756960
m00327,ONPRC,f,India,RHESUS MACAQUE,Whole Genome: Deep Coverage,SRR7865743,327344580
m00327,ONPRC,f,India,RHESUS MACAQUE,GBS,SRR5795049,13869384
m00328,ONPRC,m,India,RHESUS MACAQUE,GBS,SRR5795050,10339479
m00328,ONPRC,m,India,RHESUS MACAQUE,Whole Genome: Deep Coverage,SRR7865744,366286261
m00323,ONPRC,f,India,RHESUS MACAQUE,GBS,SRR5794872,12119430
m00462,ONPRC,f,India,RHESUS MACAQUE,GBS,SRR7808768,5702791
m00463,ONPRC,f,India,RHESUS MACAQUE,Whole Genome: Deep Coverage,SRR6206196,368884570
m00464,ONPRC,f,India,RHESUS MACAQUE,Whole Genome: Deep Coverage,SRR6206197,341302392
m00629,ONPRC,f,India,RHESUS MACAQUE,GBS,SRR7809928,8136016
m00629,ONPRC,f,India,RHESUS MACAQUE,Whole Genome: Deep Coverage,SRR7865694,297061849
m00638,ONPRC,m,India,RHESUS MACAQUE,GBS,SRR7809981,6371023
m00638,ONPRC,m,India,RHESUS MACAQUE,Whole Genome: Deep Coverage,SRR7865695,291472388
m00769,ONPRC,f,India,RHESUS MACAQUE,GBS,SRR7809802,4107838
m00769,ONPRC,f,India,RHESUS MACAQUE,Whole Genome: Deep Coverage,SRR7865729,381703675
m00780,ONPRC,f,India,RHESUS MACAQUE,GBS,SRR7809903,5555363
m00780,ONPRC,f,India,RHESUS MACAQUE,Whole Genome: Deep Coverage,SRR7865714,422692619
m00789,ONPRC,f,India,RHESUS MACAQUE,GBS,SRR7809873,4465400
m00789,ONPRC,f,India,RHESUS MACAQUE,Whole Genome: Deep Coverage,SRR7865713,384312906
m00791,ONPRC,f,India,RHESUS MACAQUE,GBS,SRR7809879,5210796
m00791,ONPRC,f,India,RHESUS MACAQUE,Whole Genome: Deep Coverage,SRR7865712,380713116
m00801,ONPRC,m,India,RHESUS MACAQUE,GBS,SRR7809946,6468107
m00801,ONPRC,m,India,RHESUS MACAQUE,Whole Genome: Deep Coverage,SRR7865704,316556392
m00806,ONPRC,f,India,RHESUS MACAQUE,Whole Genome: Deep Coverage,SRR7827130,375366944
m00807,ONPRC,f,India,RHESUS MACAQUE,GBS,SRR7809810,5892787
m00807,ONPRC,f,India,RHESUS MACAQUE,Whole Genome: Deep Coverage,SRR7865688,327234060
m00808,ONPRC,f,India,RHESUS MACAQUE,Whole Genome: Deep Coverage,SRR7865689,294348238
m00808,ONPRC,f,India,RHESUS MACAQUE,GBS,SRR7809811,4757713
m00809,ONPRC,m,India,RHESUS MACAQUE,Whole Genome: Deep Coverage,SRR7865715,364846957
m00809,ONPRC,m,India,RHESUS MACAQUE,GBS,SRR7808691,4810048
m00614,ONPRC,f,India,RHESUS MACAQUE,GBS,SRR7809901,5545833
m00614,ONPRC,f,India,RHESUS MACAQUE,Whole Genome: Deep Coverage,SRR7865752,318124360
m00613,ONPRC,m,India,RHESUS MACAQUE,Whole Genome: Deep Coverage,SRR7827135,283251367
m00612,ONPRC,f,India,RHESUS MACAQUE,GBS,SRR7809804,4821052
m00595,ONPRC,m,India,RHESUS MACAQUE,GBS,SRR7809960,6995495
m00596,ONPRC,m,India,RHESUS MACAQUE,Whole Genome: Deep Coverage,SRR7827159,325740804
m00597,ONPRC,m,India,RHESUS MACAQUE,Whole Genome: Deep Coverage,SRR7827158,285694420
m00598,ONPRC,m,India,RHESUS MACAQUE,Whole Genome: Deep Coverage,SRR7865778,288595990
m00598,ONPRC,m,India,RHESUS MACAQUE,GBS,SRR7809922,7009826
m00599,ONPRC,m,India,RHESUS MACAQUE,Whole Genome: Deep Coverage,SRR7827161,308683798
m00600,ONPRC,m,India,RHESUS MACAQUE,Whole Genome: Deep Coverage,SRR7827160,283290030
m00601,ONPRC,f,India,RHESUS MACAQUE,Whole Genome: Deep Coverage,SRR7865779,311296965
m00601,ONPRC,f,India,RHESUS MACAQUE,GBS,SRR7810013,6760830
m00602,ONPRC,f,India,RHESUS MACAQUE,GBS,SRR7809803,5063831
m00810,ONPRC,m,India,RHESUS MACAQUE,GBS,SRR7808691,5156755
m00602,ONPRC,f,India,RHESUS MACAQUE,Whole Genome: Deep Coverage,SRR7865776,288540928
m00604,ONPRC,m,India,RHESUS MACAQUE,Whole Genome: Deep Coverage,SRR7827162,307427110
m00605,ONPRC,f,India,RHESUS MACAQUE,Whole Genome: Deep Coverage,SRR7865777,297673715
m00605,ONPRC,f,India,RHESUS MACAQUE,GBS,SRR7808691,5533571
m00606,ONPRC,m,India,RHESUS MACAQUE,Whole Genome: Deep Coverage,SRR7827165,295599166
m00607,ONPRC,f,India,RHESUS MACAQUE,Whole Genome: Deep Coverage,SRR7827164,305069661
m00608,ONPRC,m,India,RHESUS MACAQUE,Whole Genome: Deep Coverage,SRR7827167,291214273
m00609,ONPRC,m,India,RHESUS MACAQUE,Whole Genome: Deep Coverage,SRR7827166,289268450
m00610,ONPRC,m,India,RHESUS MACAQUE,Whole Genome: Deep Coverage,SRR7827133,287716817
m00611,ONPRC,m,India,RHESUS MACAQUE,Whole Genome: Deep Coverage,SRR7827134,281343994
m00612,ONPRC,f,India,RHESUS MACAQUE,Whole Genome: Deep Coverage,SRR7865753,373671625
m00603,ONPRC,m,India,RHESUS MACAQUE,Whole Genome: Deep Coverage,SRR7827163,319423594
m00810,ONPRC,m,India,RHESUS MACAQUE,Whole Genome: Deep Coverage,SRR7865690,326436726
m00811,ONPRC,m,India,RHESUS MACAQUE,Whole Genome: Deep Coverage,SRR7827131,363473312
m00812,ONPRC,m,India,RHESUS MACAQUE,GBS,SRR7809855,5913481
m00833,ONPRC,m,India,RHESUS MACAQUE,GBS,SRR7808691,4798397
m00833,ONPRC,m,India,RHESUS MACAQUE,Whole Genome: Deep Coverage,SRR7865708,291045049
m00878,ONPRC,f,India,RHESUS MACAQUE,Whole Genome: Deep Coverage,SRR7827142,357811717
m00879,ONPRC,m,India,RHESUS MACAQUE,Whole Genome: Deep Coverage,SRR7827143,366546764
m00880,ONPRC,m,India,RHESUS MACAQUE,Whole Genome: Deep Coverage,SRR7827146,371213834
m00881,ONPRC,m,Hybrid (China / India),RHESUS MACAQUE,Whole Genome: Deep Coverage,SRR7827174,353430687
m00882,ONPRC,m,India,RHESUS MACAQUE,Whole Genome: Deep Coverage,SRR7827138,367323689
m00883,ONPRC,m,India,RHESUS MACAQUE,Whole Genome: Deep Coverage,SRR7827139,358661135
m00884,ONPRC,f,INDIA,RHESUS MACAQUE,Whole Genome: Deep Coverage,SRR7827137,357201709
m00935,ONPRC,f,India,RHESUS MACAQUE,GBS,SRR7808488,7068992
m00832,ONPRC,f,India,RHESUS MACAQUE,Whole Genome: Deep Coverage,SRR7827144,364835810
m00937,ONPRC,f,India,RHESUS MACAQUE,GBS,SRR7808490,8232303
m00963,ONPRC,f,India,RHESUS MACAQUE,GBS,SRR7808666,5551536
m00965,ONPRC,f,India,RHESUS MACAQUE,GBS,SRR7808529,6949247
m00980,ONPRC,f,India,RHESUS MACAQUE,GBS,SRR7808580,7233854
m01009,ONPRC,f,India,RHESUS MACAQUE,GBS,SRR7808691,6322970
m01026,ONPRC,f,India,RHESUS MACAQUE,GBS,SRR7808691,8085962
m01040,ONPRC,m,India,RHESUS MACAQUE,GBS,SRR7808691,8619402
m01048,ONPRC,f,India,RHESUS MACAQUE,GBS,SRR7808691,6596304
m02219,ONPRC,f,India,RHESUS MACAQUE,GBS,SRR8754134,7170661
m02220,ONPRC,f,India,RHESUS MACAQUE,GBS,SRR8754135,7439217
m02221,ONPRC,f,India,RHESUS MACAQUE,GBS,SRR8754141,6269872
m00956,ONPRC,f,India,RHESUS MACAQUE,GBS,SRR7808616,11109228
m00595,ONPRC,m,India,RHESUS MACAQUE,Whole Genome: Deep Coverage,SRR7865781,289615562
m00831,ONPRC,f,India,RHESUS MACAQUE,GBS,SRR7809858,4718811
m00830,ONPRC,m,India,RHESUS MACAQUE,Whole Genome: Deep Coverage,SRR7865710,314289938
m00812,ONPRC,m,India,RHESUS MACAQUE,Whole Genome: Deep Coverage,SRR7865691,322442396
m00813,ONPRC,f,India,RHESUS MACAQUE,Whole Genome: Deep Coverage,SRR7827132,369720704
m00814,ONPRC,m,Hybrid (China / India),RHESUS MACAQUE,Whole Genome: Deep Coverage,SRR7827140,457299968
m00815,ONPRC,f,India,RHESUS MACAQUE,Whole Genome: Deep Coverage,SRR7827141,390746932
m00816,ONPRC,f,India,RHESUS MACAQUE,GBS,SRR7809854,5132889
m00816,ONPRC,f,India,RHESUS MACAQUE,Whole Genome: Deep Coverage,SRR7865696,317811159
m00817,ONPRC,f,India,RHESUS MACAQUE,Whole Genome: Deep Coverage,SRR7827169,365033218
m00818,ONPRC,m,India,RHESUS MACAQUE,Whole Genome: Deep Coverage,SRR7827168,368802177
m00819,ONPRC,f,India,RHESUS MACAQUE,Whole Genome: Deep Coverage,SRR7827155,359059054
m00820,ONPRC,m,India,RHESUS MACAQUE,Whole Genome: Deep Coverage,SRR7827136,302702424
m00831,ONPRC,f,India,RHESUS MACAQUE,Whole Genome: Deep Coverage,SRR7865709,330248019
m00821,ONPRC,f,India,RHESUS MACAQUE,Whole Genome: Deep Coverage,SRR7865697,282342942
m00822,ONPRC,m,Hybrid (China / India),RHESUS MACAQUE,Whole Genome: Deep Coverage,SRR7827151,361483492
m00823,ONPRC,m,INDIA,RHESUS MACAQUE,Whole Genome: Deep Coverage,SRR7827173,372997410
m00824,ONPRC,f,India,RHESUS MACAQUE,Whole Genome: Deep Coverage,SRR7827172,358439068
m00825,ONPRC,f,India,RHESUS MACAQUE,Whole Genome: Deep Coverage,SRR7827171,335796859
m00826,ONPRC,m,India,RHESUS MACAQUE,Whole Genome: Deep Coverage,SRR7827129,295468493
m00827,ONPRC,f,India,RHESUS MACAQUE,Whole Genome: Deep Coverage,SRR7865711,293153481
m00827,ONPRC,f,India,RHESUS MACAQUE,GBS,SRR7809856,6150476
m00828,ONPRC,m,India,RHESUS MACAQUE,Whole Genome: Deep Coverage,SRR7827170,330954911
m00829,ONPRC,m,India,RHESUS MACAQUE,Whole Genome: Deep Coverage,SRR7827145,376466436
m00830,ONPRC,m,India,RHESUS MACAQUE,GBS,SRR7809859,11008696
m00821,ONPRC,f,India,RHESUS MACAQUE,GBS,SRR7809857,7115947
m02224,ONPRC,f,India,RHESUS MACAQUE,GBS,SRR8754114,6634970
m00594,ONPRC,m,India,RHESUS MACAQUE,Whole Genome: Deep Coverage,SRR7827175,275125173
m00593,ONPRC,f,India,RHESUS MACAQUE,GBS,SRR7810002,8299253
m00484,ONPRC,f,India,RHESUS MACAQUE,Whole Genome: Deep Coverage,SRR7865703,326899623
m00484,ONPRC,f,India,RHESUS MACAQUE,GBS,SRR6166541,5696813
m00485,ONPRC,f,India,RHESUS MACAQUE,GBS,SRR6166540,6852900
m00485,ONPRC,f,India,RHESUS MACAQUE,Whole Genome: Deep Coverage,SRR7865700,304210306
m00486,ONPRC,f,India,RHESUS MACAQUE,Whole Genome: Deep Coverage,SRR7865701,292578469
m00486,ONPRC,f,India,RHESUS MACAQUE,GBS,SRR6166539,6818673
m00487,ONPRC,f,India,RHESUS MACAQUE,GBS,SRR6166546,8120254
m00487,ONPRC,f,India,RHESUS MACAQUE,Whole Genome: Deep Coverage,SRR7865706,333731922
m00488,ONPRC,f,Hybrid (China / India),RHESUS MACAQUE,Whole Genome: Deep Coverage,SRR7865707,348971740
m00488,ONPRC,f,Hybrid (China / India),RHESUS MACAQUE,GBS,SRR6166545,7989080
m00535,ONPRC,f,India,RHESUS MACAQUE,GBS,SRR6166523,6991083
m00535,ONPRC,f,India,RHESUS MACAQUE,Whole Genome: Deep Coverage,SRR7865717,358883763
m00569,ONPRC,m,India,RHESUS MACAQUE,Whole Genome: Deep Coverage,SRR7827150,295314017
m00570,ONPRC,m,India,RHESUS MACAQUE,Whole Genome: Deep Coverage,SRR7827149,342967423
m00571,ONPRC,f,India,RHESUS MACAQUE,Whole Genome: Deep Coverage,SRR7827148,362033362
m00572,ONPRC,f,India,RHESUS MACAQUE,Whole Genome: Deep Coverage,SRR7865669,325914440
m00572,ONPRC,f,India,RHESUS MACAQUE,GBS,SRR7809819,5352362
m00573,ONPRC,f,India,RHESUS MACAQUE,Whole Genome: Deep Coverage,SRR7865789,306194233
m00573,ONPRC,f,India,RHESUS MACAQUE,GBS,SRR7809956,7720388
m00574,ONPRC,f,India,RHESUS MACAQUE,GBS,SRR7809795,6495493
m00574,ONPRC,f,India,RHESUS MACAQUE,Whole Genome: Deep Coverage,SRR7865788,324459704
m00483,ONPRC,f,India,RHESUS MACAQUE,Whole Genome: Deep Coverage,SRR7865702,321402309
m00483,ONPRC,f,India,RHESUS MACAQUE,GBS,SRR6166542,6233856
m00482,ONPRC,f,India,RHESUS MACAQUE,GBS,SRR6166555,6891379
m00482,ONPRC,f,India,RHESUS MACAQUE,Whole Genome: Deep Coverage,SRR7865718,327609907
m00465,ONPRC,f,India,RHESUS MACAQUE,Whole Genome: Deep Coverage,SRR6206157,304785960
m00465,ONPRC,f,India,RHESUS MACAQUE,GBS,SRR7808771,6069967
m00466,ONPRC,f,India,RHESUS MACAQUE,GBS,SRR7808781,5577029
m00466,ONPRC,f,India,RHESUS MACAQUE,Whole Genome: Deep Coverage,SRR6206158,355591551
m00467,ONPRC,f,India,RHESUS MACAQUE,Whole Genome: Deep Coverage,SRR6206155,349436688
m00467,ONPRC,f,India,RHESUS MACAQUE,GBS,SRR7808770,4539264
m00468,ONPRC,f,India,RHESUS MACAQUE,GBS,SRR7808780,4614826
m00468,ONPRC,f,India,RHESUS MACAQUE,Whole Genome: Deep Coverage,SRR6206156,304767220
m00470,ONPRC,f,India,RHESUS MACAQUE,GBS,SRR7808815,5765878
m00470,ONPRC,f,India,RHESUS MACAQUE,Whole Genome: Deep Coverage,SRR6206185,379080315
m00575,ONPRC,f,India,RHESUS MACAQUE,Whole Genome: Deep Coverage,SRR7865787,901908064
m00471,ONPRC,f,India,RHESUS MACAQUE,Whole Genome: Deep Coverage,SRR6206173,292687469
m00472,ONPRC,m,India,RHESUS MACAQUE,GBS,SRR7808821,6153364
m00472,ONPRC,m,India,RHESUS MACAQUE,Whole Genome: Deep Coverage,SRR6206172,283084822
m00473,ONPRC,f,India,RHESUS MACAQUE,Whole Genome: Deep Coverage,SRR6206171,343686087
m00473,ONPRC,f,India,RHESUS MACAQUE,GBS,SRR7808779,4825956
m00474,ONPRC,f,India,RHESUS MACAQUE,GBS,SRR7808772,4484580
m00474,ONPRC,f,India,RHESUS MACAQUE,Whole Genome: Deep Coverage,SRR6206170,279463228
m00475,ONPRC,m,India,RHESUS MACAQUE,Whole Genome: Deep Coverage,SRR6206169,299593019
m00475,ONPRC,m,India,RHESUS MACAQUE,GBS,SRR7808775,3791899
m00481,ONPRC,f,India,RHESUS MACAQUE,GBS,SRR6166556,5047876
m00481,ONPRC,f,India,RHESUS MACAQUE,Whole Genome: Deep Coverage,SRR7865668,296290798
m00471,ONPRC,f,India,RHESUS MACAQUE,GBS,SRR7808820,8666653
m00575,ONPRC,f,India,RHESUS MACAQUE,GBS,SRR7809967,5943890
m00576,ONPRC,f,India,RHESUS MACAQUE,GBS,SRR7809800,7537215
m00576,ONPRC,f,India,RHESUS MACAQUE,Whole Genome: Deep Coverage,SRR7865786,312595163
m00579,ONPRC,f,India,RHESUS MACAQUE,Whole Genome: Deep Coverage,SRR7865791,286953021
m00579,ONPRC,f,India,RHESUS MACAQUE,GBS,SRR7809968,7102523
m00580,ONPRC,m,India,RHESUS MACAQUE,Whole Genome: Deep Coverage,SRR7827147,279937206
m00581,ONPRC,f,India,RHESUS MACAQUE,Whole Genome: Deep Coverage,SRR7865790,336748008
m00581,ONPRC,f,India,RHESUS MACAQUE,GBS,SRR7809820,4362585
m00582,ONPRC,m,India,RHESUS MACAQUE,Whole Genome: Deep Coverage,SRR7827154,282987575
m00583,ONPRC,f,India,RHESUS MACAQUE,Whole Genome: Deep Coverage,SRR7865795,312873127
m00583,ONPRC,f,India,RHESUS MACAQUE,GBS,SRR7808482,4330238
m00584,ONPRC,f,India,RHESUS MACAQUE,Whole Genome: Deep Coverage,SRR7865794,310271769
m00584,ONPRC,f,India,RHESUS MACAQUE,GBS,SRR7809964,5859428
m00578,ONPRC,f,India,RHESUS MACAQUE,GBS,SRR7808691,7946076
m00585,ONPRC,f,India,RHESUS MACAQUE,GBS,SRR7809991,7212931
m00586,ONPRC,m,India,RHESUS MACAQUE,Whole Genome: Deep Coverage,SRR7827153,315183896
m00587,ONPRC,f,India,RHESUS MACAQUE,Whole Genome: Deep Coverage,SRR7865785,290317922
m00587,ONPRC,f,India,RHESUS MACAQUE,GBS,SRR7809817,6235910
m00588,ONPRC,m,India,RHESUS MACAQUE,Whole Genome: Deep Coverage,SRR7827152,322980221
m00589,ONPRC,f,India,RHESUS MACAQUE,Whole Genome: Deep Coverage,SRR7865782,297744188
m00589,ONPRC,f,India,RHESUS MACAQUE,GBS,SRR7809818,3855075
m00590,ONPRC,f,India,RHESUS MACAQUE,Whole Genome: Deep Coverage,SRR7827157,353315106
m00591,ONPRC,m,India,RHESUS MACAQUE,Whole Genome: Deep Coverage,SRR7827156,295850207
m00592,ONPRC,f,India,RHESUS MACAQUE,Whole Genome: Deep Coverage,SRR7865783,288215771
m00592,ONPRC,f,India,RHESUS MACAQUE,GBS,SRR7810008,6179049
m00585,ONPRC,f,India,RHESUS MACAQUE,Whole Genome: Deep Coverage,SRR7865784,301035833
m00593,ONPRC,f,India,RHESUS MACAQUE,Whole Genome: Deep Coverage,SRR7865780,311750003
m00578,ONPRC,f,India,RHESUS MACAQUE,Whole Genome: Deep Coverage,SRR7865792,302745534
m02225,ONPRC,f,India,RHESUS MACAQUE,GBS,SRR8754113,6337378
m00577,ONPRC,m,India,RHESUS MACAQUE,Whole Genome: Deep Coverage,SRR7865793,281329147
m03615,ONPRC,m,India,RHESUS MACAQUE,Whole Exome,SRR1975667,59583361
m02464,ONPRC,f,India,RHESUS MACAQUE,GBS,SRR8754162,33655374
m02321,ONPRC,m,India,RHESUS MACAQUE,Whole Exome,SRR1975669,69686244
m02321,ONPRC,m,India,RHESUS MACAQUE,GBS,SRR8754129,5740258
m02248,ONPRC,f,India,RHESUS MACAQUE,GBS,SRR8754234,6566073
m02246,ONPRC,m,India,RHESUS MACAQUE,GBS,SRR8754240,7303142
m02245,ONPRC,f,India,RHESUS MACAQUE,GBS,SRR8754241,6729299
m00160,ONPRC,f,India,RHESUS MACAQUE,GBS,SRR5795086,317433
m02244,ONPRC,m,India,RHESUS MACAQUE,GBS,SRR8754238,8683708
m00577,ONPRC,m,India,RHESUS MACAQUE,GBS,SRR7809836,5193200
m02243,ONPRC,f,India,RHESUS MACAQUE,GBS,SRR8754239,7767226
m02241,ONPRC,f,India,RHESUS MACAQUE,GBS,SRR8754080,7800127
m02240,ONPRC,m,India,RHESUS MACAQUE,GBS,SRR8754083,7036269
m02239,ONPRC,f,India,RHESUS MACAQUE,GBS,SRR8754082,6545230
m02238,ONPRC,f,India,RHESUS MACAQUE,GBS,SRR8754085,6131240
m02237,ONPRC,f,India,RHESUS MACAQUE,GBS,SRR8754084,6129877
m02235,ONPRC,f,India,RHESUS MACAQUE,GBS,SRR8754086,7040814
m02234,ONPRC,f,India,RHESUS MACAQUE,GBS,SRR8754089,6480948
m02230,ONPRC,f,India,RHESUS MACAQUE,GBS,SRR8754116,5753331
m02229,ONPRC,m,India,RHESUS MACAQUE,GBS,SRR8754117,5485917
m02227,ONPRC,m,India,RHESUS MACAQUE,GBS,SRR8754119,6426873
m02242,ONPRC,f,India,RHESUS MACAQUE,GBS,SRR8754081,8222114
m00160,ONPRC,f,India,RHESUS MACAQUE,Whole Genome: Deep Coverage,SRR7865728,367570677
m00136,ONPRC,f,India,RHESUS MACAQUE,Whole Genome: Deep Coverage,SRR5795103,291818418
m00154,ONPRC,f,India,RHESUS MACAQUE,Whole Genome: Deep Coverage,SRR5794950,351143406
m00045,ONPRC,m,India,RHESUS MACAQUE,Whole Genome: Deep Coverage,SRR5435039,355152454
m00045,ONPRC,m,India,RHESUS MACAQUE,GBS,SRR5428100,3836289
m00044,ONPRC,f,India,RHESUS MACAQUE,GBS,SRR5428101,7731019
m00044,ONPRC,f,India,RHESUS MACAQUE,Whole Genome: Deep Coverage,SRR5435040,327914428
m00043,ONPRC,m,India,RHESUS MACAQUE,Whole Genome: Deep Coverage,SRR5435042,354303001
m00043,ONPRC,m,India,RHESUS MACAQUE,GBS,SRR5428102,5430968
m00042,ONPRC,m,India,RHESUS MACAQUE,GBS,SRR5428103,6414845
m00042,ONPRC,m,India,RHESUS MACAQUE,Whole Genome: Deep Coverage,SRR5435044,397642947
m00041,ONPRC,f,India,RHESUS MACAQUE,Whole Genome: Deep Coverage,SRR5435045,359476212
m00041,ONPRC,f,India,RHESUS MACAQUE,GBS,SRR5428104,7768498
m00040,ONPRC,f,India,RHESUS MACAQUE,GBS,SRR5428105,5231439
m00040,ONPRC,f,India,RHESUS MACAQUE,Whole Genome: Deep Coverage,SRR5435046,349748281
m00039,ONPRC,f,India,RHESUS MACAQUE,Whole Genome: Deep Coverage,SRR5435049,340366331
m00039,ONPRC,f,India,RHESUS MACAQUE,GBS,SRR5428106,4518014
m00038,ONPRC,f,India,RHESUS MACAQUE,Whole Genome: Deep Coverage,SRR5435050,280812163
m00038,ONPRC,f,India,RHESUS MACAQUE,GBS,SRR5428107,8040114
m00037,ONPRC,m,India,RHESUS MACAQUE,Whole Genome: Deep Coverage,SRR5626559,567542724
m00046,ONPRC,m,India,RHESUS MACAQUE,Whole Genome: Deep Coverage,SRR5435038,389052178
m00046,ONPRC,m,India,RHESUS MACAQUE,GBS,SRR5428099,5521827
m00047,ONPRC,f,India,RHESUS MACAQUE,GBS,SRR5428098,4824537
m00047,ONPRC,f,India,RHESUS MACAQUE,Whole Genome: Deep Coverage,SRR5435037,353654882
m00055,ONPRC,m,India,RHESUS MACAQUE,GBS,SRR5428090,4826206
m00054,ONPRC,f,India,RHESUS MACAQUE,GBS,SRR5428091,6851338
m00054,ONPRC,f,India,RHESUS MACAQUE,Whole Genome: Deep Coverage,SRR5435020,353465169
m00053,ONPRC,f,India,RHESUS MACAQUE,Whole Genome: Deep Coverage,SRR5435023,324584357
m00053,ONPRC,f,India,RHESUS MACAQUE,GBS,SRR5428092,5396144
m00052,ONPRC,m,India,RHESUS MACAQUE,GBS,SRR5428093,7543231
m00052,ONPRC,m,India,RHESUS MACAQUE,Whole Genome: Deep Coverage,SRR5435025,347182301
m00051,ONPRC,m,,RHESUS MACAQUE,Whole Genome: Deep Coverage,SRR5435028,337320675
m00037,ONPRC,m,India,RHESUS MACAQUE,GBS,SRR7808873,6150538
m00051,ONPRC,m,,RHESUS MACAQUE,GBS,SRR5428094,6132931
m00050,ONPRC,f,India,RHESUS MACAQUE,GBS,SRR6166553,7759272
m00050,ONPRC,f,India,RHESUS MACAQUE,GBS,SRR5428095,6052809
m00050,ONPRC,f,India,RHESUS MACAQUE,Whole Genome: Deep Coverage,SRR5435032,322402597
m00049,ONPRC,f,India,RHESUS MACAQUE,Whole Genome: Deep Coverage,SRR5435034,313470770
m00049,ONPRC,f,India,RHESUS MACAQUE,GBS,SRR5428096,7133399
m00048,ONPRC,f,India,RHESUS MACAQUE,GBS,SRR5428097,5261814
m00048,ONPRC,f,India,RHESUS MACAQUE,Whole Genome: Deep Coverage,SRR5435036,305050913
m00047,ONPRC,f,India,RHESUS MACAQUE,Whole Genome: Deep Coverage,SRR7865755,306320624
m00050,ONPRC,f,India,RHESUS MACAQUE,Whole Genome: Deep Coverage,SRR7865754,296199823
m00036,ONPRC,m,India,RHESUS MACAQUE,GBS,SRR7808872,6185215
m00036,ONPRC,m,India,RHESUS MACAQUE,Whole Genome: Deep Coverage,SRR5626564,735313000
m00035,ONPRC,m,India,RHESUS MACAQUE,Whole Genome: Deep Coverage,SRR5626565,530391889
m00022,ONPRC,f,India,RHESUS MACAQUE,Whole Genome: Deep Coverage,SRR1929361,528973986
m00021,ONPRC,m,India,RHESUS MACAQUE,Whole Genome: Deep Coverage,SRR1944117,659732039
m00020,ONPRC,f,India,RHESUS MACAQUE,Whole Exome,SRR1975633,56966554
m00020,ONPRC,f,India,RHESUS MACAQUE,Whole Genome: Deep Coverage,SRR1927136,635520186
m00019,ONPRC,m,India,RHESUS MACAQUE,Whole Exome,SRR1975631,62589706
m00019,ONPRC,m,India,RHESUS MACAQUE,Whole Genome: Deep Coverage,SRR1927129,690919628
m00016,ONPRC,m,India,RHESUS MACAQUE,GBS,SRR7808808,5291448
m00016,ONPRC,m,India,RHESUS MACAQUE,Whole Genome: Deep Coverage,SRR5626568,351460022
m00023,ONPRC,m,India,RHESUS MACAQUE,Whole Genome: Deep Coverage,SRR1944110,571197343
m00012,ONPRC,m,India,RHESUS MACAQUE,Whole Genome: Deep Coverage,SRR5626572,430664300
m00010,ONPRC,f,India,RHESUS MACAQUE,Whole Genome: Deep Coverage,SRR5626574,424087646
m00009,ONPRC,m,India,RHESUS MACAQUE,GBS,SRR7808806,5260655
m00009,ONPRC,m,India,RHESUS MACAQUE,Whole Genome: Deep Coverage,SRR5626575,384970478
m00008,ONPRC,m,India,RHESUS MACAQUE,GBS,SRR7808783,5802682
m00008,ONPRC,m,India,RHESUS MACAQUE,Whole Genome: Deep Coverage,SRR5626576,659845787
m00007,ONPRC,m,India,RHESUS MACAQUE,Whole Genome: Deep Coverage,SRR5626556,524659231
m00006,ONPRC,f,India,RHESUS MACAQUE,Whole Genome: Deep Coverage,SRR5626557,519593196
m00003,ONPRC,f,India,RHESUS MACAQUE,Whole Genome: Deep Coverage,SRR5626566,558442100
m00010,ONPRC,f,India,RHESUS MACAQUE,GBS,SRR7808811,3795102
m00055,ONPRC,m,India,RHESUS MACAQUE,Whole Genome: Deep Coverage,SRR5435018,325437954
m00023,ONPRC,m,India,RHESUS MACAQUE,GBS,SRR5795024,7211499
m00025,ONPRC,f,India,RHESUS MACAQUE,Whole Genome: Deep Coverage,SRR1929364,557537439
m00034,ONPRC,m,INDIA,RHESUS MACAQUE,Whole Genome: Deep Coverage,SRR8474134,530486532
m00033,ONPRC,m,INDIA,RHESUS MACAQUE,Whole Genome: Deep Coverage,SRR8474135,547924953
m00032,ONPRC,m,India,RHESUS MACAQUE,GBS,SRR5428108,7214996
m00032,ONPRC,m,India,RHESUS MACAQUE,Whole Exome,SRR1975664,65344289
m00032,ONPRC,m,India,RHESUS MACAQUE,Whole Genome: Deep Coverage,SRR1929355,619474427
m00031,ONPRC,m,INDIA,RHESUS MACAQUE,GBS,SRR5794857,8987972
m00031,ONPRC,m,INDIA,RHESUS MACAQUE,Whole Genome: Deep Coverage,SRR1929341,579341232
m00030,ONPRC,m,India,RHESUS MACAQUE,Whole Genome: Deep Coverage,SRR1944114,635375537
m00024,ONPRC,m,India,RHESUS MACAQUE,Whole Genome: Deep Coverage,SRR1964589,566684234
m00029,ONPRC,m,,RHESUS MACAQUE,GBS,SRR7808871,4121067
m00029,ONPRC,m,,RHESUS MACAQUE,Whole Genome: Deep Coverage,SRR1929352,536510141
m00028,ONPRC,m,India,RHESUS MACAQUE,Whole Genome: Deep Coverage,SRR1929347,954728621
m00028,ONPRC,m,India,RHESUS MACAQUE,GBS,SRR5794879,8232365
m00027,ONPRC,m,India,RHESUS MACAQUE,GBS,SRR5795091,3835605
m00027,ONPRC,m,India,RHESUS MACAQUE,Whole Genome: Deep Coverage,SRR1929358,658774757
m00027,ONPRC,m,India,RHESUS MACAQUE,GBS,SRR7808859,6046465
m00026,ONPRC,m,India,RHESUS MACAQUE,GBS,SRR5428109,6536035
m00026,ONPRC,m,India,RHESUS MACAQUE,Whole Genome: Deep Coverage,SRR1964586,564501044
m00029,ONPRC,m,,RHESUS MACAQUE,GBS,SRR5794917,67725
m00056,ONPRC,m,India,RHESUS MACAQUE,Whole Genome: Deep Coverage,SRR5435015,313861151
m00056,ONPRC,m,India,RHESUS MACAQUE,GBS,SRR5428089,4192932
m00057,ONPRC,f,India,RHESUS MACAQUE,GBS,SRR5428088,5456874
m00143,ONPRC,f,India,RHESUS MACAQUE,GBS,SRR7808851,6566800
m00143,ONPRC,f,India,RHESUS MACAQUE,Whole Genome: Deep Coverage,SRR5794807,391924999
m00142,ONPRC,f,India,RHESUS MACAQUE,Whole Genome: Deep Coverage,SRR5794833,351163035
m00142,ONPRC,f,India,RHESUS MACAQUE,GBS,SRR7808809,7504897
m00141,ONPRC,f,India,RHESUS MACAQUE,GBS,SRR7808804,5011559
m00141,ONPRC,f,India,RHESUS MACAQUE,Whole Genome: Deep Coverage,SRR5794987,364205086
m00140,ONPRC,m,India,RHESUS MACAQUE,Whole Genome: Deep Coverage,SRR5794971,396955350
m00140,ONPRC,m,India,RHESUS MACAQUE,GBS,SRR5794869,5595657
m00144,ONPRC,f,India,RHESUS MACAQUE,GBS,SRR5794910,10541709
m00139,ONPRC,f,India,RHESUS MACAQUE,GBS,SRR7808845,6444984
m00138,ONPRC,m,India,RHESUS MACAQUE,Whole Genome: Deep Coverage,SRR5795097,278007866
m00138,ONPRC,m,India,RHESUS MACAQUE,GBS,SRR7808852,6127554
m00137,ONPRC,f,India,RHESUS MACAQUE,GBS,SRR7808807,6297035
m00137,ONPRC,f,India,RHESUS MACAQUE,Whole Genome: Deep Coverage,SRR5794961,288321095
m00136,ONPRC,f,India,RHESUS MACAQUE,GBS,SRR7808836,4718975
m00160,ONPRC,f,India,RHESUS MACAQUE,GBS,SRR7808832,3712930
m00136,ONPRC,f,India,RHESUS MACAQUE,GBS,SRR5794812,1289496
m00135,ONPRC,m,India,RHESUS MACAQUE,GBS,SRR7808844,6292484
m00139,ONPRC,f,India,RHESUS MACAQUE,Whole Genome: Deep Coverage,SRR5795099,332994579
m00135,ONPRC,m,India,RHESUS MACAQUE,Whole Genome: Deep Coverage,SRR5794806,324405329
m00144,ONPRC,f,India,RHESUS MACAQUE,Whole Genome: Deep Coverage,SRR5794875,317076171
m00145,ONPRC,m,India,RHESUS MACAQUE,GBS,SRR7808846,6014740
m00154,ONPRC,f,India,RHESUS MACAQUE,GBS,SRR7808864,5857552
m00153,ONPRC,f,India,RHESUS MACAQUE,GBS,SRR7808847,5186736
m00153,ONPRC,f,India,RHESUS MACAQUE,Whole Genome: Deep Coverage,SRR5794851,354951786
m00152,ONPRC,f,India,RHESUS MACAQUE,Whole Genome: Deep Coverage,SRR5794843,330839255
m00152,ONPRC,f,India,RHESUS MACAQUE,GBS,SRR5794933,4342510
m00151,ONPRC,f,India,RHESUS MACAQUE,GBS,SRR7808850,5183753
m00151,ONPRC,f,India,RHESUS MACAQUE,Whole Genome: Deep Coverage,SRR5795074,311848700
m00150,ONPRC,f,India,RHESUS MACAQUE,Whole Genome: Deep Coverage,SRR5794958,297365135
m00145,ONPRC,m,India,RHESUS MACAQUE,Whole Genome: Deep Coverage,SRR5794911,325928215
m00150,ONPRC,f,India,RHESUS MACAQUE,GBS,SRR5794808,6499423
m00149,ONPRC,f,India,RHESUS MACAQUE,Whole Genome: Deep Coverage,SRR5794842,291406851
m00149,ONPRC,f,India,RHESUS MACAQUE,GBS,SRR7808841,3948748
m00148,ONPRC,f,India,RHESUS MACAQUE,Whole Genome: Deep Coverage,SRR5794906,322642604
m00148,ONPRC,f,India,RHESUS MACAQUE,GBS,SRR7808848,6055643
m00147,ONPRC,f,India,RHESUS MACAQUE,GBS,SRR7808849,6713149
m00147,ONPRC,f,India,RHESUS MACAQUE,Whole Genome: Deep Coverage,SRR5794913,284252883
m00146,ONPRC,f,India,RHESUS MACAQUE,Whole Genome: Deep Coverage,SRR5794912,308015312
m00146,ONPRC,f,India,RHESUS MACAQUE,GBS,SRR7808810,5124059
m00149,ONPRC,f,India,RHESUS MACAQUE,GBS,SRR5794907,525635
m00002,ONPRC,f,India,RHESUS MACAQUE,Whole Genome: Deep Coverage,SRR5626562,831193972
m00134,ONPRC,f,India,RHESUS MACAQUE,Whole Genome: Deep Coverage,SRR5794874,302991105
m00133,ONPRC,f,India,RHESUS MACAQUE,GBS,SRR7808805,6235674
m00082,ONPRC,m,India,RHESUS MACAQUE,Whole Genome: Deep Coverage,SRR7865698,278494184
m00082,ONPRC,m,India,RHESUS MACAQUE,GBS,SRR7808831,11012889
m00082,ONPRC,m,India,RHESUS MACAQUE,GBS,SRR5428063,3851846
m00073,ONPRC,f,India,RHESUS MACAQUE,Whole Genome: Deep Coverage,SRR7865748,380665295
m00073,ONPRC,f,India,RHESUS MACAQUE,GBS,SRR5428072,6737903
m00071,ONPRC,f,India,RHESUS MACAQUE,Whole Genome: Deep Coverage,SRR7865705,298312892
m00071,ONPRC,f,India,RHESUS MACAQUE,GBS,SRR5428074,5378530
m00061,ONPRC,m,India,RHESUS MACAQUE,Whole Genome: Deep Coverage,SRR7865749,312293613
m00084,ONPRC,f,India,RHESUS MACAQUE,GBS,SRR5428061,5278137
m00061,ONPRC,m,India,RHESUS MACAQUE,GBS,SRR6166554,8012981
m00061,ONPRC,m,India,RHESUS MACAQUE,GBS,SRR5428084,6949288
m00060,ONPRC,m,India,RHESUS MACAQUE,GBS,SRR5428085,7104746
m00060,ONPRC,m,India,RHESUS MACAQUE,Whole Genome: Deep Coverage,SRR5435009,322085479
m00059,ONPRC,f,India,RHESUS MACAQUE,Whole Genome: Deep Coverage,SRR5435010,343409207
m00059,ONPRC,f,India,RHESUS MACAQUE,GBS,SRR5428086,6046290
m00058,ONPRC,f,India,RHESUS MACAQUE,GBS,SRR5428087,6498408
m00058,ONPRC,f,India,RHESUS MACAQUE,Whole Genome: Deep Coverage,SRR5435011,358603179
m00057,ONPRC,f,India,RHESUS MACAQUE,Whole Genome: Deep Coverage,SRR5435013,514994383
m00061,ONPRC,m,India,RHESUS MACAQUE,Whole Genome: Deep Coverage,SRR5435008,394166230
m00134,ONPRC,f,India,RHESUS MACAQUE,GBS,SRR5794802,8485560
m00084,ONPRC,f,India,RHESUS MACAQUE,Whole Genome: Deep Coverage,SRR7865699,303511184
m00087,ONPRC,m,India,RHESUS MACAQUE,Whole Exome,SRR1975662,65186290
m00133,ONPRC,f,India,RHESUS MACAQUE,Whole Genome: Deep Coverage,SRR5794848,306540126
m00132,ONPRC,f,India,RHESUS MACAQUE,GBS,SRR7808823,6388200
m00132,ONPRC,f,India,RHESUS MACAQUE,Whole Genome: Deep Coverage,SRR5794849,328274866
m00123,ONPRC,m,India,RHESUS MACAQUE,Whole Genome: Deep Coverage,SRR7865682,278929974
m00123,ONPRC,m,India,RHESUS MACAQUE,GBS,SRR7808866,9465375
m00123,ONPRC,m,India,RHESUS MACAQUE,GBS,SRR5428022,3134355
m00119,ONPRC,m,India,RHESUS MACAQUE,Whole Genome: Deep Coverage,SRR7865683,375725517
m00119,ONPRC,m,India,RHESUS MACAQUE,GBS,SRR5428026,3802218
m00087,ONPRC,m,India,RHESUS MACAQUE,GBS,SRR5428058,5554939
m00117,ONPRC,f,India,RHESUS MACAQUE,GBS,SRR5428028,4386789
m00116,ONPRC,f,India,RHESUS MACAQUE,Whole Genome: Deep Coverage,SRR7865680,296445252
m00116,ONPRC,f,India,RHESUS MACAQUE,GBS,SRR5428029,3344675
m00116,ONPRC,f,India,RHESUS MACAQUE,GBS,SRR7808834,7718549
m00101,ONPRC,m,India,RHESUS MACAQUE,Whole Genome: Deep Coverage,SRR7865751,293328262
m00101,ONPRC,m,India,RHESUS MACAQUE,GBS,SRR5428044,8178987
m00099,ONPRC,f,India,RHESUS MACAQUE,Whole Genome: Deep Coverage,SRR7865681,289702127
m00099,ONPRC,f,India,RHESUS MACAQUE,GBS,SRR7808827,11046600
m00099,ONPRC,f,India,RHESUS MACAQUE,GBS,SRR5428046,3771887
m00117,ONPRC,f,India,RHESUS MACAQUE,Whole Genome: Deep Coverage,SRR7865750,278234462
m00001,ONPRC,f,India,RHESUS MACAQUE,Whole Genome: Deep Coverage,SRR5626563,896084477
m02194,SNPRC,m,India,Macaca mulatta,Whole Genome: Deep Coverage,SRR1952201,578260544
m02193,SNPRC,f,India,Macaca mulatta,Whole Genome: Deep Coverage,SRR1952198,622575651
m03732,TNPRC,m,India,Macaca mulatta,Whole Exome,SRR1521163,28775109
m03746,TNPRC,m,India,Macaca mulatta,Whole Exome,SRR1521185,26554220
m03745,TNPRC,m,India,Macaca mulatta,Whole Exome,SRR1521175,34327007
m03744,TNPRC,f,India,Macaca mulatta,Whole Exome,SRR1521174,26063058
m03743,TNPRC,f,India,Macaca mulatta,Whole Exome,SRR1521173,28666530
m03742,TNPRC,m,India,Macaca mulatta,Whole Exome,SRR1521172,25445339
m03741,TNPRC,m,India,Macaca mulatta,Whole Exome,SRR1521171,32359843
m03740,TNPRC,f,India,Macaca mulatta,Whole Exome,SRR1521170,32861088
m03739,TNPRC,f,India,Macaca mulatta,Whole Exome,SRR1521169,28543969
m03738,TNPRC,m,India,Macaca mulatta,Whole Exome,SRR1521168,31687907
m03737,TNPRC,m,India,Macaca mulatta,Whole Exome,SRR1521167,32266925
m03736,TNPRC,f,India,Macaca mulatta,Whole Exome,SRR1521166,29643117
m03735,TNPRC,m,India,Macaca mulatta,Whole Exome,SRR1519169,80567917
m03734,TNPRC,f,India,Macaca mulatta,Whole Exome,SRR1521165,30866697
m03733,TNPRC,m,India,Macaca mulatta,Whole Exome,SRR1521164,28073780
m03659,TNPRC,m,India,Macaca mulatta,Whole Genome: Deep Coverage,SRR5628166,431218818
m03731,TNPRC,f,India,Macaca mulatta,Whole Exome,SRR1521162,32827742
m03730,TNPRC,f,India,Macaca mulatta,Whole Exome,SRR1521161,33726916
m03729,TNPRC,m,India,Macaca mulatta,Whole Exome,SRR1521160,30084409
m03728,TNPRC,m,India,Macaca mulatta,Whole Exome,SRR1521159,30457819
m03747,TNPRC,f,India,Macaca mulatta,Whole Exome,SRR1521186,28915665
m03748,TNPRC,f,India,Macaca mulatta,Whole Exome,SRR1521187,29389069
m03749,TNPRC,m,India,Macaca mulatta,Whole Exome,SRR1521188,24143095
m03750,TNPRC,m,India,Macaca mulatta,Whole Exome,SRR1521189,24191169
m03771,TNPRC,m,India,Macaca mulatta,Whole Exome,SRR1521224,32832083
m03770,TNPRC,f,India,Macaca mulatta,Whole Exome,SRR1521223,28230903
m03769,TNPRC,m,India,Macaca mulatta,Whole Exome,SRR1521222,32852982
m03768,TNPRC,m,India,Macaca mulatta,Whole Exome,SRR1521221,30055001
m03767,TNPRC,f,India,Macaca mulatta,Whole Exome,SRR1521220,32248480
m03766,TNPRC,m,India,Macaca mulatta,Whole Exome,SRR1521219,27577901
m03765,TNPRC,m,India,Macaca mulatta,Whole Exome,SRR1521218,34050130
m03764,TNPRC,m,India,Macaca mulatta,Whole Exome,SRR1521217,33014162
m03763,TNPRC,m,India,Macaca mulatta,Whole Exome,SRR1521216,29811072
m03762,TNPRC,m,India,Macaca mulatta,Whole Exome,SRR1521215,31168609
m03761,TNPRC,m,India,Macaca mulatta,Whole Exome,SRR1521214,28226874
m03760,TNPRC,m,India,Macaca mulatta,Whole Exome,SRR1521213,32922148
m03759,TNPRC,f,India,Macaca mulatta,Whole Exome,SRR1521212,27973951
m03758,TNPRC,f,India,Macaca mulatta,Whole Exome,SRR1521211,22589063
m03757,TNPRC,f,India,Macaca mulatta,Whole Exome,SRR1521209,27290053
m03756,TNPRC,f,India,Macaca mulatta,Whole Exome,SRR1521205,31078797
m03755,TNPRC,f,India,Macaca mulatta,Whole Exome,SRR1521203,27712956
m03754,TNPRC,m,India,Macaca mulatta,Whole Exome,SRR1521202,33818966
m03753,TNPRC,m,India,Macaca mulatta,Whole Exome,SRR1521196,24647291
m03752,TNPRC,f,India,Macaca mulatta,Whole Exome,SRR1521194,26691535
m03751,TNPRC,f,India,Macaca mulatta,Whole Exome,SRR1521193,25155147
m03727,TNPRC,f,India,Macaca mulatta,Whole Exome,SRR1536371,30664616
m03772,TNPRC,m,India,Macaca mulatta,Whole Exome,SRR1521225,31757025
m03726,TNPRC,f,India,Macaca mulatta,Whole Exome,SRR1521157,26319993
m03724,TNPRC,m,India,Macaca mulatta,Whole Exome,SRR1519286,28360755
m03681,TNPRC,m,India,Macaca mulatta,Whole Genome: Deep Coverage,SRR5628190,461427679
m03680,TNPRC,m,India,Macaca mulatta,Whole Genome: Deep Coverage,SRR5628183,434356572
m03679,TNPRC,m,India,Macaca mulatta,Whole Genome: Deep Coverage,SRR5628184,440946506
m03678,TNPRC,m,India,Macaca mulatta,Whole Genome: Deep Coverage,SRR5628189,433248357
m03677,TNPRC,m,India,Macaca mulatta,Whole Genome: Deep Coverage,SRR5628185,449270796
m03676,TNPRC,m,India,Macaca mulatta,Whole Genome: Deep Coverage,SRR5628186,441912216
m03675,TNPRC,m,India,Macaca mulatta,Whole Genome: Deep Coverage,SRR5628187,445609055
m03674,TNPRC,m,India,Macaca mulatta,Whole Genome: Deep Coverage,SRR5628188,447730795
m03673,TNPRC,m,India,Macaca mulatta,Whole Genome: Deep Coverage,SRR5628178,450600216
m03682,TNPRC,m,India,Macaca mulatta,Whole Genome: Deep Coverage,SRR5628196,431905447
m03672,TNPRC,m,India,Macaca mulatta,Whole Genome: Deep Coverage,SRR5628191,458546137
m03670,TNPRC,m,India,Macaca mulatta,Whole Genome: Deep Coverage,SRR5628177,439058464
m03669,TNPRC,m,India,Macaca mulatta,Whole Genome: Deep Coverage,SRR5628182,464951250
m03668,TNPRC,m,India,Macaca mulatta,Whole Genome: Deep Coverage,SRR5628176,436521956
m03667,TNPRC,m,India,Macaca mulatta,Whole Genome: Deep Coverage,SRR5628180,409895430
m03666,TNPRC,m,India,Macaca mulatta,Whole Genome: Deep Coverage,SRR5628181,455313082
m03665,TNPRC,m,India,Macaca mulatta,Whole Genome: Deep Coverage,SRR5628175,468882375
m03664,TNPRC,m,India,Macaca mulatta,Whole Genome: Deep Coverage,SRR5628170,440906255
m03663,TNPRC,m,India,Macaca mulatta,Whole Genome: Deep Coverage,SRR5628168,440756967
m03662,TNPRC,m,India,Macaca mulatta,Whole Genome: Deep Coverage,SRR5628174,419027216
m03671,TNPRC,m,India,Macaca mulatta,Whole Genome: Deep Coverage,SRR5628179,448710762
m03683,TNPRC,m,India,Macaca mulatta,Whole Genome: Deep Coverage,SRR5628195,392121370
m03684,TNPRC,m,India,Macaca mulatta,Whole Genome: Deep Coverage,SRR5628194,430154003
m03685,TNPRC,m,India,Macaca mulatta,Whole Genome: Deep Coverage,SRR5628192,455461535
m03723,TNPRC,f,India,Macaca mulatta,Whole Exome,SRR1519285,32153328
m03722,TNPRC,f,India,Macaca mulatta,Whole Exome,SRR1519284,25930044
m03721,TNPRC,m,India,Macaca mulatta,Whole Exome,SRR1519283,30484307
m03720,TNPRC,m,India,Macaca mulatta,Whole Exome,SRR1519180,30234241
m03719,TNPRC,m,India,Macaca mulatta,Whole Exome,SRR1519179,31603405
m03718,TNPRC,m,India,Macaca mulatta,Whole Exome,SRR1519178,29349647
m03717,TNPRC,f,India,Macaca mulatta,Whole Exome,SRR1519177,28185572
m03716,TNPRC,f,India,Macaca mulatta,Whole Exome,SRR1519176,23600632
m03698,TNPRC,m,India,Macaca mulatta,Whole Genome: Deep Coverage,SRR5628226,476824284
m03697,TNPRC,m,India,Macaca mulatta,Whole Genome: Deep Coverage,SRR5628206,458387446
m03696,TNPRC,m,India,Macaca mulatta,Whole Genome: Deep Coverage,SRR5628205,451935626
m03695,TNPRC,m,India,Macaca mulatta,Whole Genome: Deep Coverage,SRR5628204,413535363
m03694,TNPRC,m,India,Macaca mulatta,Whole Genome: Deep Coverage,SRR5628207,448635496
m03693,TNPRC,m,India,Macaca mulatta,Whole Genome: Deep Coverage,SRR5628201,407029467
m03692,TNPRC,m,India,Macaca mulatta,Whole Genome: Deep Coverage,SRR5628197,466666669
m03691,TNPRC,m,India,Macaca mulatta,Whole Genome: Deep Coverage,SRR5628199,450684385
m03690,TNPRC,m,India,Macaca mulatta,Whole Genome: Deep Coverage,SRR5628203,425790100
m03689,TNPRC,m,India,Macaca mulatta,Whole Genome: Deep Coverage,SRR5628200,413619733
m03688,TNPRC,m,India,Macaca mulatta,Whole Genome: Deep Coverage,SRR5628202,415331208
m03687,TNPRC,m,India,Macaca mulatta,Whole Genome: Deep Coverage,SRR5628198,428627819
m03686,TNPRC,m,India,Macaca mulatta,Whole Genome: Deep Coverage,SRR5628193,438478258
m03725,TNPRC,m,India,Macaca mulatta,Whole Exome,SRR1521156,29058582
m03773,TNPRC,m,India,Macaca mulatta,Whole Exome,SRR1521226,29696643
m03774,TNPRC,m,India,Macaca mulatta,Whole Exome,SRR1521227,24845919
m03775,TNPRC,m,India,Macaca mulatta,Whole Exome,SRR1521229,33237717
m03642,TNPRC,m,India,Macaca mulatta,Whole Genome: Deep Coverage,SRR5628151,429692553
m03641,TNPRC,m,India,Macaca mulatta,Whole Genome: Deep Coverage,SRR5628147,438906302
m03640,TNPRC,m,India,Macaca mulatta,Whole Genome: Deep Coverage,SRR5628152,452581704
m03639,TNPRC,m,India,Macaca mulatta,Whole Genome: Deep Coverage,SRR5628144,428335373
m03638,TNPRC,m,India,Macaca mulatta,Whole Genome: Deep Coverage,SRR5628148,465382383
m03637,TNPRC,m,India,Macaca mulatta,Whole Genome: Deep Coverage,SRR5628142,466015300
m03636,TNPRC,m,India,Macaca mulatta,Whole Genome: Deep Coverage,SRR5628141,457150568
m03635,TNPRC,m,India,Macaca mulatta,Whole Genome: Deep Coverage,SRR5628145,470000758
m03634,TNPRC,m,India,Macaca mulatta,Whole Genome: Deep Coverage,SRR5628139,473002177
m03633,TNPRC,m,India,Macaca mulatta,Whole Genome: Deep Coverage,SRR5628134,443584383
m03632,TNPRC,m,India,Macaca mulatta,Whole Genome: Deep Coverage,SRR5628137,430246643
m03631,TNPRC,m,India,Macaca mulatta,Whole Genome: Deep Coverage,SRR5628136,464104527
m03630,TNPRC,m,India,Macaca mulatta,Whole Genome: Deep Coverage,SRR5628140,434953146
m02204,TNPRC,m,India,Macaca mulatta,Whole Genome: Deep Coverage,SRR1952163,650021281
m02203,TNPRC,f,India,Macaca mulatta,Whole Genome: Deep Coverage,SRR1952166,649850622
m02202,TNPRC,m,India,Macaca mulatta,Whole Genome: Deep Coverage,SRR1952160,573261883
m02201,TNPRC,m,India,Macaca mulatta,Whole Genome: Deep Coverage,SRR1952157,648481648
m02200,TNPRC,f,India,Macaca mulatta,Whole Genome: Deep Coverage,SRR1952151,593410653
m03661,TNPRC,m,India,Macaca mulatta,Whole Genome: Deep Coverage,SRR5628167,452951055
m02198,TNPRC,f,India,Macaca mulatta,Whole Genome: Deep Coverage,SRR1952148,525463629
m02197,TNPRC,f,India,Macaca mulatta,Whole Genome: Deep Coverage,SRR1952145,639784989
m02196,TNPRC,m,India,Macaca mulatta,Whole Genome: Deep Coverage,SRR1952142,621353878
m02195,TNPRC,m,India,Macaca mulatta,Whole Genome: Deep Coverage,SRR1952140,491239897
m03643,TNPRC,m,India,Macaca mulatta,Whole Genome: Deep Coverage,SRR5628146,432646719
m03644,TNPRC,m,India,Macaca mulatta,Whole Genome: Deep Coverage,SRR5628150,445528525
m02199,TNPRC,m,India,Macaca mulatta,Whole Genome: Deep Coverage,SRR1952154,590731931
m03646,TNPRC,m,India,Macaca mulatta,Whole Genome: Deep Coverage,SRR5628157,437488576
m03645,TNPRC,m,India,Macaca mulatta,Whole Genome: Deep Coverage,SRR5628149,423936198
m03776,TNPRC,m,India,Macaca mulatta,Whole Exome,SRR1521230,31543837
m03777,TNPRC,m,India,Macaca mulatta,Whole Exome,SRR1521231,35555630
m03778,TNPRC,m,India,Macaca mulatta,Whole Exome,SRR1521232,33920434
m03779,TNPRC,f,India,Macaca mulatta,Whole Exome,SRR1521233,28788836
m03780,TNPRC,m,India,Macaca mulatta,Whole Exome,SRR1521234,27532970
m03781,TNPRC,m,India,Macaca mulatta,Whole Exome,SRR1521235,28997783
m03782,TNPRC,m,India,Macaca mulatta,Whole Exome,SRR1521236,31920029
m03783,TNPRC,m,India,Macaca mulatta,Whole Exome,SRR1521237,30572643
m03784,TNPRC,m,India,Macaca mulatta,Whole Exome,SRR1521238,30999228
m03785,TNPRC,f,India,Macaca mulatta,Whole Exome,SRR1521239,28624286
m03786,TNPRC,f,India,Macaca mulatta,Whole Exome,SRR1521240,25600949
m03660,TNPRC,m,India,Macaca mulatta,Whole Genome: Deep Coverage,SRR5628173,435341317
m03658,TNPRC,m,India,Macaca mulatta,Whole Genome: Deep Coverage,SRR5628172,448363615
m03787,TNPRC,m,India,Macaca mulatta,Whole Exome,SRR1521241,26159587
m03649,TNPRC,m,India,Macaca mulatta,Whole Genome: Deep Coverage,SRR5628153,412061072
m03650,TNPRC,m,India,Macaca mulatta,Whole Genome: Deep Coverage,SRR5628163,424172958
m03651,TNPRC,m,India,Macaca mulatta,Whole Genome: Deep Coverage,SRR5628169,432141848
m03652,TNPRC,m,India,Macaca mulatta,Whole Genome: Deep Coverage,SRR5628158,433900493
m03648,TNPRC,m,India,Macaca mulatta,Whole Genome: Deep Coverage,SRR5628165,458058234
m03654,TNPRC,m,India,Macaca mulatta,Whole Genome: Deep Coverage,SRR5628162,443841131
m03655,TNPRC,m,India,Macaca mulatta,Whole Genome: Deep Coverage,SRR5628161,443380039
m03656,TNPRC,m,India,Macaca mulatta,Whole Genome: Deep Coverage,SRR5628164,428515234
m03657,TNPRC,m,India,Macaca mulatta,Whole Genome: Deep Coverage,SRR5628171,432660648
m03653,TNPRC,m,India,Macaca mulatta,Whole Genome: Deep Coverage,SRR5628160,397676491
m03647,TNPRC,m,India,Macaca mulatta,Whole Genome: Deep Coverage,SRR5628159,452365400
m00875,WNPRC,f,India,Macaca mulatta,Whole Genome: Deep Coverage,SRR1964619,597924490
m00868,WNPRC,m,India,Macaca mulatta,Whole Genome: Deep Coverage,SRR1964613,596783006
m00869,WNPRC,f,India,Macaca mulatta,Whole Genome: Deep Coverage,SRR1951102,585817936
m00870,WNPRC,m,India,Macaca mulatta,Whole Genome: Deep Coverage,SRR1951105,610121210
m00871,WNPRC,m,India,Macaca mulatta,Whole Genome: Deep Coverage,SRR1951108,626327193
m00872,WNPRC,m,India,Macaca mulatta,Whole Genome: Deep Coverage,SRR1951111,577940768
m00873,WNPRC,m,India,Macaca mulatta,Whole Genome: Deep Coverage,SRR1951114,609061958
m00874,WNPRC,f,India,Macaca mulatta,Whole Genome: Deep Coverage,SRR1964616,593150368
m03701,WNPRC,f,India,Macaca mulatta,Whole Exome,SRR1975635,110994416
m00877,WNPRC,f,India,Macaca mulatta,Whole Genome: Deep Coverage,SRR1951120,577179926
m03699,WNPRC,f,India,Macaca mulatta,Whole Exome,SRR1975632,76061946
m03700,WNPRC,f,India,Macaca mulatta,Whole Exome,SRR1975634,86114496
m00867,WNPRC,f,India,Macaca mulatta,Whole Genome: Deep Coverage,SRR1964610,632078549
m03702,WNPRC,m,India,Macaca mulatta,Whole Exome,SRR1975637,74773169
m03703,WNPRC,m,India,Macaca mulatta,Whole Exome,SRR1975690,90612130
m03704,WNPRC,m,India,Macaca mulatta,Whole Exome,SRR1975638,71551357
m03705,WNPRC,m,India,Macaca mulatta,Whole Exome,SRR1975693,53140177
m03706,WNPRC,m,India,Macaca mulatta,Whole Exome,SRR1975641,51706135
m00876,WNPRC,f,India,Macaca mulatta,Whole Genome: Deep Coverage,SRR1951117,591970545
m00866,WNPRC,m,India,Macaca mulatta,Whole Genome: Deep Coverage,SRR1951150,621895454
m00860,WNPRC,m,India,Macaca mulatta,Whole Genome: Deep Coverage,SRR1929376,489853394
m00864,WNPRC,f,India,Macaca mulatta,Whole Genome: Deep Coverage,SRR1951141,637074990
m00846,WNPRC,f,India,Macaca mulatta,Whole Genome: Deep Coverage,SRR1951007,515693966
m00847,WNPRC,f,India,Macaca mulatta,Whole Genome: Deep Coverage,SRR1951011,806895544
m00848,WNPRC,m,India,Macaca mulatta,Whole Genome: Deep Coverage,SRR1951016,636987306
m00849,WNPRC,f,India,Macaca mulatta,Whole Genome: Deep Coverage,SRR1927133,614987061
m00850,WNPRC,f,India,Macaca mulatta,Whole Genome: Deep Coverage,SRR1929270,468765599
m00851,WNPRC,f,India,Macaca mulatta,Whole Genome: Deep Coverage,SRR1929275,586324669
m00852,WNPRC,m,India,Macaca mulatta,Whole Genome: Deep Coverage,SRR1929278,480395516
m00853,WNPRC,m,India,Macaca mulatta,Whole Genome: Deep Coverage,SRR1929293,723816069
m00865,WNPRC,m,India,Macaca mulatta,Whole Genome: Deep Coverage,SRR1951147,576493386
m00853,WNPRC,m,India,Macaca mulatta,Whole Exome,SRR1975636,75266470
m00856,WNPRC,f,India,Macaca mulatta,Whole Genome: Deep Coverage,SRR1929307,475538958
m00856,WNPRC,f,India,Macaca mulatta,Whole Exome,SRR1975694,71442596
m00857,WNPRC,m,India,Macaca mulatta,Whole Genome: Deep Coverage,SRR1929370,547031468
m00858,WNPRC,f,India,Macaca mulatta,Whole Genome: Deep Coverage,SRR1929373,551407732
m00859,WNPRC,m,India,Macaca mulatta,Whole Genome: Deep Coverage,SRR1929379,519369837
m00861,WNPRC,m,India,Macaca mulatta,Whole Genome: Deep Coverage,SRR1951153,644443054
m00862,WNPRC,f,India,Macaca mulatta,Whole Genome: Deep Coverage,SRR1964607,660268161
m00863,WNPRC,f,India,Macaca mulatta,Whole Genome: Deep Coverage,SRR1951144,660407288
m00855,WNPRC,f,India,Macaca mulatta,Whole Genome: Deep Coverage,SRR1929286,557840647
m00854,WNPRC,m,India,Macaca mulatta,Whole Genome: Deep Coverage,SRR1929283,567819638
m03847,YNPRC,m,unknown,Macaca mulatta,Whole Exome,"SRR1249216,SRR1249217",91386579
m02205,YNPRC,f,India,Macaca mulatta,Whole Genome: Deep Coverage,SRR1951019,628346760
m03825,YNPRC,m,unknown,Macaca mulatta,Whole Exome,"SRR1249172,SRR1249173",67254321
m03824,YNPRC,m,unknown,Macaca mulatta,Whole Exome,"SRR1249170,SRR1249171",65791155
m03823,YNPRC,m,unknown,Macaca mulatta,Whole Exome,"SRR1249168,SRR1249169",85996963
m03822,YNPRC,m,unknown,Macaca mulatta,Whole Exome,"SRR1249166,SRR1249167",68512831
m03821,YNPRC,m,unknown,Macaca mulatta,Whole Exome,"SRR1249164,SRR1249165",45365289
m03820,YNPRC,m,unknown,Macaca mulatta,Whole Exome,"SRR1249162,SRR1249163",82121405
m03819,YNPRC,m,unknown,Macaca mulatta,Whole Exome,"SRR1249160,SRR1249161",47303499
m03818,YNPRC,m,unknown,Macaca mulatta,Whole Exome,"SRR1249158,SRR1249159",80889838
m03817,YNPRC,m,unknown,Macaca mulatta,Whole Exome,"SRR1249156,SRR1249157",66150999
m03816,YNPRC,m,unknown,Macaca mulatta,Whole Exome,"SRR1249154,SRR1249155",54464819
m03815,YNPRC,m,unknown,Macaca mulatta,Whole Exome,"SRR1249152,SRR1249153",56205976
m03814,YNPRC,m,unknown,Macaca mulatta,Whole Exome,"SRR1249150,SRR1249151",62632578
m03813,YNPRC,m,unknown,Macaca mulatta,Whole Exome,"SRR1249148,SRR1249149",57564666
m03812,YNPRC,m,unknown,Macaca mulatta,Whole Exome,"SRR1249146,SRR1249147",63406408
m03811,YNPRC,m,unknown,Macaca mulatta,Whole Exome,"SRR1249144,SRR1249145",92488940
m03810,YNPRC,m,unknown,Macaca mulatta,Whole Exome,"SRR1249142,SRR1249143",79319421
m03809,YNPRC,m,unknown,Macaca mulatta,Whole Exome,"SRR1249140,SRR1249141",62943460
m03826,YNPRC,m,unknown,Macaca mulatta,Whole Exome,"SRR1249174,SRR1249175",68887130
m03808,YNPRC,m,unknown,Macaca mulatta,Whole Exome,"SRR1249138,SRR1249139",69022283
m03827,YNPRC,m,unknown,Macaca mulatta,Whole Exome,"SRR1249176,SRR1249177",66867373
m03829,YNPRC,m,unknown,Macaca mulatta,Whole Exome,"SRR1249180,SRR1249181",46396972
m03846,YNPRC,m,unknown,Macaca mulatta,Whole Exome,"SRR1249214,SRR1249215",55797342
m03845,YNPRC,m,unknown,Macaca mulatta,Whole Exome,"SRR1249212,SRR1249213",46292920
m03844,YNPRC,m,unknown,Macaca mulatta,Whole Exome,"SRR1249210,SRR1249211",59716324
m03843,YNPRC,m,unknown,Macaca mulatta,Whole Exome,"SRR1249208,SRR1249209",49085391
m03842,YNPRC,m,unknown,Macaca mulatta,Whole Exome,"SRR1249206,SRR1249207",64549095
m03841,YNPRC,m,unknown,Macaca mulatta,Whole Exome,"SRR1249204,SRR1249205",63946706
m03840,YNPRC,m,unknown,Macaca mulatta,Whole Exome,"SRR1249202,SRR1249203",75928975
m03839,YNPRC,m,unknown,Macaca mulatta,Whole Exome,"SRR1249200,SRR1249201",83390226
m03838,YNPRC,m,unknown,Macaca mulatta,Whole Exome,"SRR1249198,SRR1249199",49649083
m03837,YNPRC,m,unknown,Macaca mulatta,Whole Exome,"SRR1249196,SRR1249197",72129163
m03836,YNPRC,m,unknown,Macaca mulatta,Whole Exome,"SRR1249194,SRR1249195",76091808
m03835,YNPRC,m,unknown,Macaca mulatta,Whole Exome,"SRR1249192,SRR1249193",49191631
m03834,YNPRC,m,unknown,Macaca mulatta,Whole Exome,"SRR1249190,SRR1249191",47137546
m03833,YNPRC,m,unknown,Macaca mulatta,Whole Exome,"SRR1249188,SRR1249189",64132798
m03832,YNPRC,m,unknown,Macaca mulatta,Whole Exome,"SRR1249186,SRR1249187",67611322
m03831,YNPRC,m,unknown,Macaca mulatta,Whole Exome,"SRR1249184,SRR1249185",45538256
m03830,YNPRC,m,unknown,Macaca mulatta,Whole Exome,"SRR1249182,SRR1249183",63364896
m03828,YNPRC,m,unknown,Macaca mulatta,Whole Exome,"SRR1249178,SRR1249179",83441063
m03848,YNPRC,m,unknown,Macaca mulatta,Whole Exome,"SRR1249218,SRR1249219",76990470
m03807,YNPRC,m,unknown,Macaca mulatta,Whole Exome,"SRR1249136,SRR1249137",67839197
m03805,YNPRC,m,unknown,Macaca mulatta,Whole Exome,"SRR1249132,SRR1249133",63786485
m03709,YNPRC,f,India,Macaca mulatta,Whole Exome,SRR1975654,58047466
m03708,YNPRC,f,India,Macaca mulatta,Whole Exome,SRR1975653,71836231
m03707,YNPRC,m,India,Macaca mulatta,Whole Exome,SRR1975652,65220875
m02217,YNPRC,f,India,Macaca mulatta,Whole Genome: Deep Coverage,SRR1929344,589907327
m02216,YNPRC,f,India,Macaca mulatta,Whole Genome: Deep Coverage,SRR1929338,578992912
m02215,YNPRC,f,India,Macaca mulatta,Whole Genome: Deep Coverage,SRR1929335,603286570
m02214,YNPRC,f,India,Macaca mulatta,Whole Genome: Deep Coverage,SRR1929332,577302465
m02213,YNPRC,f,India,Macaca mulatta,Whole Genome: Deep Coverage,SRR1929329,542491164
m02212,YNPRC,f,India,Macaca mulatta,Whole Genome: Deep Coverage,SRR1929326,589901637
m02211,YNPRC,f,India,Macaca mulatta,Whole Genome: Deep Coverage,SRR1929323,494238824
m02210,YNPRC,f,India,Macaca mulatta,Whole Genome: Deep Coverage,SRR1929386,547872800
m02209,YNPRC,f,India,Macaca mulatta,Whole Genome: Deep Coverage,SRR1929320,528320937
m02208,YNPRC,f,India,Macaca mulatta,Whole Genome: Deep Coverage,SRR1929317,551756915
m02207,YNPRC,m,India,Macaca mulatta,Whole Exome,SRR1975628,67463470
m02207,YNPRC,m,India,Macaca mulatta,Whole Genome: Deep Coverage,SRR1927125,615541245
m02206,YNPRC,f,India,Macaca mulatta,Whole Exome,SRR1975629,79630089
m02206,YNPRC,f,India,Macaca mulatta,Whole Genome: Deep Coverage,SRR1927121,595390056
m03710,YNPRC,m,India,Macaca mulatta,Whole Exome,SRR1975655,84650990
m03806,YNPRC,m,unknown,Macaca mulatta,Whole Exome,"SRR1249134,SRR1249135",61855136
m03711,YNPRC,f,India,Macaca mulatta,Whole Exome,SRR1975656,63059792
m03713,YNPRC,m,India,Macaca mulatta,Whole Exome,SRR1975658,66676792
m03804,YNPRC,m,unknown,Macaca mulatta,Whole Exome,"SRR1249130,SRR1249131",64771458
m03803,YNPRC,m,unknown,Macaca mulatta,Whole Exome,"SRR1249128,SRR1249129",73957920
m03802,YNPRC,m,unknown,Macaca mulatta,Whole Exome,"SRR1249126,SRR1249127",48100165
m03801,YNPRC,m,unknown,Macaca mulatta,Whole Exome,"SRR1249124,SRR1249125",109774008
m03800,YNPRC,m,unknown,Macaca mulatta,Whole Exome,"SRR1249122,SRR1249123",78394212
m03799,YNPRC,m,unknown,Macaca mulatta,Whole Exome,"SRR1249120,SRR1249121",38111136
m03798,YNPRC,m,unknown,Macaca mulatta,Whole Exome,"SRR1249118,SRR1249119",54101268
m03797,YNPRC,m,unknown,Macaca mulatta,Whole Exome,"SRR1249116,SRR1249117",66529798
m03795,YNPRC,m,unknown,Macaca mulatta,Whole Exome,"SRR1249112,SRR1249113",61090912
m03794,YNPRC,m,unknown,Macaca mulatta,Whole Exome,"SRR1249110,SRR1249111",88114668
m03793,YNPRC,m,unknown,Macaca mulatta,Whole Exome,"SRR1249108,SRR1249109",56108773
m03792,YNPRC,m,unknown,Macaca mulatta,Whole Exome,"SRR1249106,SRR1249107",51875145
m03791,YNPRC,m,unknown,Macaca mulatta,Whole Exome,"SRR1249104,SRR1249105",87676056
m03790,YNPRC,m,unknown,Macaca mulatta,Whole Exome,"SRR1249102,SRR1249103",54098063
m03789,YNPRC,m,unknown,Macaca mulatta,Whole Exome,"SRR1249100,SRR1249101",62486339
m03788,YNPRC,m,unknown,Macaca mulatta,Whole Exome,"SRR1249098,SRR1249099",69935224
m03714,YNPRC,m,India,Macaca mulatta,Whole Exome,SRR1975659,74887859
m03712,YNPRC,f,India,Macaca mulatta,Whole Exome,SRR1975657,68158261
m03796,YNPRC,m,unknown,Macaca mulatta,Whole Exome,"SRR1249114,SRR1249115",51513936
